District,Variety,Month,Year
Wardha,Varaxmi,Jan,2019
Wardha,Desi,Jan,2019
Wardha,Other,Jan,2019
Wardha,H-4(A) 27mm FIne,Jan,2019
Wardha,LRA,Jan,2019
Wardha,N-44,Jan,2019
Wardha,DCH-32(Unginned),Jan,2019
Nagpur,Varaxmi,Jan,2019
Nagpur,Desi,Jan,2019
Nagpur,Other,Jan,2019
Nagpur,H-4(A) 27mm FIne,Jan,2019
Nagpur,LRA,Jan,2019
Nagpur,N-44,Jan,2019
Nagpur,DCH-32(Unginned),Jan,2019
Yavatmal,Varaxmi,Jan,2019
Yavatmal,Desi,Jan,2019
Yavatmal,Other,Jan,2019
Yavatmal,H-4(A) 27mm FIne,Jan,2019
Yavatmal,LRA,Jan,2019
Yavatmal,N-44,Jan,2019
Yavatmal,DCH-32(Unginned),Jan,2019
Chandrapur,Varaxmi,Jan,2019
Chandrapur,Desi,Jan,2019
Chandrapur,Other,Jan,2019
Chandrapur,H-4(A) 27mm FIne,Jan,2019
Chandrapur,LRA,Jan,2019
Chandrapur,N-44,Jan,2019
Chandrapur,DCH-32(Unginned),Jan,2019
Parbhani,Varaxmi,Jan,2019
Parbhani,Desi,Jan,2019
Parbhani,Other,Jan,2019
Parbhani,H-4(A) 27mm FIne,Jan,2019
Parbhani,LRA,Jan,2019
Parbhani,N-44,Jan,2019
Parbhani,DCH-32(Unginned),Jan,2019
Amarawati,Varaxmi,Jan,2019
Amarawati,Desi,Jan,2019
Amarawati,Other,Jan,2019
Amarawati,H-4(A) 27mm FIne,Jan,2019
Amarawati,LRA,Jan,2019
Amarawati,N-44,Jan,2019
Amarawati,DCH-32(Unginned),Jan,2019
Jalana,Varaxmi,Jan,2019
Jalana,Desi,Jan,2019
Jalana,Other,Jan,2019
Jalana,H-4(A) 27mm FIne,Jan,2019
Jalana,LRA,Jan,2019
Jalana,N-44,Jan,2019
Jalana,DCH-32(Unginned),Jan,2019
Beed,Varaxmi,Jan,2019
Beed,Desi,Jan,2019
Beed,Other,Jan,2019
Beed,H-4(A) 27mm FIne,Jan,2019
Beed,LRA,Jan,2019
Beed,N-44,Jan,2019
Beed,DCH-32(Unginned),Jan,2019
Buldhana,Varaxmi,Jan,2019
Buldhana,Desi,Jan,2019
Buldhana,Other,Jan,2019
Buldhana,H-4(A) 27mm FIne,Jan,2019
Buldhana,LRA,Jan,2019
Buldhana,N-44,Jan,2019
Buldhana,DCH-32(Unginned),Jan,2019
Nanded,Varaxmi,Jan,2019
Nanded,Desi,Jan,2019
Nanded,Other,Jan,2019
Nanded,H-4(A) 27mm FIne,Jan,2019
Nanded,LRA,Jan,2019
Nanded,N-44,Jan,2019
Nanded,DCH-32(Unginned),Jan,2019
Akola,Varaxmi,Jan,2019
Akola,Desi,Jan,2019
Akola,Other,Jan,2019
Akola,H-4(A) 27mm FIne,Jan,2019
Akola,LRA,Jan,2019
Akola,N-44,Jan,2019
Akola,DCH-32(Unginned),Jan,2019
Aurangabad,Varaxmi,Jan,2019
Aurangabad,Desi,Jan,2019
Aurangabad,Other,Jan,2019
Aurangabad,H-4(A) 27mm FIne,Jan,2019
Aurangabad,LRA,Jan,2019
Aurangabad,N-44,Jan,2019
Aurangabad,DCH-32(Unginned),Jan,2019
Wardha,Varaxmi,Feb,2019
Wardha,Desi,Feb,2019
Wardha,Other,Feb,2019
Wardha,H-4(A) 27mm FIne,Feb,2019
Wardha,LRA,Feb,2019
Wardha,N-44,Feb,2019
Wardha,DCH-32(Unginned),Feb,2019
Nagpur,Varaxmi,Feb,2019
Nagpur,Desi,Feb,2019
Nagpur,Other,Feb,2019
Nagpur,H-4(A) 27mm FIne,Feb,2019
Nagpur,LRA,Feb,2019
Nagpur,N-44,Feb,2019
Nagpur,DCH-32(Unginned),Feb,2019
Yavatmal,Varaxmi,Feb,2019
Yavatmal,Desi,Feb,2019
Yavatmal,Other,Feb,2019
Yavatmal,H-4(A) 27mm FIne,Feb,2019
Yavatmal,LRA,Feb,2019
Yavatmal,N-44,Feb,2019
Yavatmal,DCH-32(Unginned),Feb,2019
Chandrapur,Varaxmi,Feb,2019
Chandrapur,Desi,Feb,2019
Chandrapur,Other,Feb,2019
Chandrapur,H-4(A) 27mm FIne,Feb,2019
Chandrapur,LRA,Feb,2019
Chandrapur,N-44,Feb,2019
Chandrapur,DCH-32(Unginned),Feb,2019
Parbhani,Varaxmi,Feb,2019
Parbhani,Desi,Feb,2019
Parbhani,Other,Feb,2019
Parbhani,H-4(A) 27mm FIne,Feb,2019
Parbhani,LRA,Feb,2019
Parbhani,N-44,Feb,2019
Parbhani,DCH-32(Unginned),Feb,2019
Amarawati,Varaxmi,Feb,2019
Amarawati,Desi,Feb,2019
Amarawati,Other,Feb,2019
Amarawati,H-4(A) 27mm FIne,Feb,2019
Amarawati,LRA,Feb,2019
Amarawati,N-44,Feb,2019
Amarawati,DCH-32(Unginned),Feb,2019
Jalana,Varaxmi,Feb,2019
Jalana,Desi,Feb,2019
Jalana,Other,Feb,2019
Jalana,H-4(A) 27mm FIne,Feb,2019
Jalana,LRA,Feb,2019
Jalana,N-44,Feb,2019
Jalana,DCH-32(Unginned),Feb,2019
Beed,Varaxmi,Feb,2019
Beed,Desi,Feb,2019
Beed,Other,Feb,2019
Beed,H-4(A) 27mm FIne,Feb,2019
Beed,LRA,Feb,2019
Beed,N-44,Feb,2019
Beed,DCH-32(Unginned),Feb,2019
Buldhana,Varaxmi,Feb,2019
Buldhana,Desi,Feb,2019
Buldhana,Other,Feb,2019
Buldhana,H-4(A) 27mm FIne,Feb,2019
Buldhana,LRA,Feb,2019
Buldhana,N-44,Feb,2019
Buldhana,DCH-32(Unginned),Feb,2019
Nanded,Varaxmi,Feb,2019
Nanded,Desi,Feb,2019
Nanded,Other,Feb,2019
Nanded,H-4(A) 27mm FIne,Feb,2019
Nanded,LRA,Feb,2019
Nanded,N-44,Feb,2019
Nanded,DCH-32(Unginned),Feb,2019
Akola,Varaxmi,Feb,2019
Akola,Desi,Feb,2019
Akola,Other,Feb,2019
Akola,H-4(A) 27mm FIne,Feb,2019
Akola,LRA,Feb,2019
Akola,N-44,Feb,2019
Akola,DCH-32(Unginned),Feb,2019
Aurangabad,Varaxmi,Feb,2019
Aurangabad,Desi,Feb,2019
Aurangabad,Other,Feb,2019
Aurangabad,H-4(A) 27mm FIne,Feb,2019
Aurangabad,LRA,Feb,2019
Aurangabad,N-44,Feb,2019
Aurangabad,DCH-32(Unginned),Feb,2019
Wardha,Varaxmi,Mar,2019
Wardha,Desi,Mar,2019
Wardha,Other,Mar,2019
Wardha,H-4(A) 27mm FIne,Mar,2019
Wardha,LRA,Mar,2019
Wardha,N-44,Mar,2019
Wardha,DCH-32(Unginned),Mar,2019
Nagpur,Varaxmi,Mar,2019
Nagpur,Desi,Mar,2019
Nagpur,Other,Mar,2019
Nagpur,H-4(A) 27mm FIne,Mar,2019
Nagpur,LRA,Mar,2019
Nagpur,N-44,Mar,2019
Nagpur,DCH-32(Unginned),Mar,2019
Yavatmal,Varaxmi,Mar,2019
Yavatmal,Desi,Mar,2019
Yavatmal,Other,Mar,2019
Yavatmal,H-4(A) 27mm FIne,Mar,2019
Yavatmal,LRA,Mar,2019
Yavatmal,N-44,Mar,2019
Yavatmal,DCH-32(Unginned),Mar,2019
Chandrapur,Varaxmi,Mar,2019
Chandrapur,Desi,Mar,2019
Chandrapur,Other,Mar,2019
Chandrapur,H-4(A) 27mm FIne,Mar,2019
Chandrapur,LRA,Mar,2019
Chandrapur,N-44,Mar,2019
Chandrapur,DCH-32(Unginned),Mar,2019
Parbhani,Varaxmi,Mar,2019
Parbhani,Desi,Mar,2019
Parbhani,Other,Mar,2019
Parbhani,H-4(A) 27mm FIne,Mar,2019
Parbhani,LRA,Mar,2019
Parbhani,N-44,Mar,2019
Parbhani,DCH-32(Unginned),Mar,2019
Amarawati,Varaxmi,Mar,2019
Amarawati,Desi,Mar,2019
Amarawati,Other,Mar,2019
Amarawati,H-4(A) 27mm FIne,Mar,2019
Amarawati,LRA,Mar,2019
Amarawati,N-44,Mar,2019
Amarawati,DCH-32(Unginned),Mar,2019
Jalana,Varaxmi,Mar,2019
Jalana,Desi,Mar,2019
Jalana,Other,Mar,2019
Jalana,H-4(A) 27mm FIne,Mar,2019
Jalana,LRA,Mar,2019
Jalana,N-44,Mar,2019
Jalana,DCH-32(Unginned),Mar,2019
Beed,Varaxmi,Mar,2019
Beed,Desi,Mar,2019
Beed,Other,Mar,2019
Beed,H-4(A) 27mm FIne,Mar,2019
Beed,LRA,Mar,2019
Beed,N-44,Mar,2019
Beed,DCH-32(Unginned),Mar,2019
Buldhana,Varaxmi,Mar,2019
Buldhana,Desi,Mar,2019
Buldhana,Other,Mar,2019
Buldhana,H-4(A) 27mm FIne,Mar,2019
Buldhana,LRA,Mar,2019
Buldhana,N-44,Mar,2019
Buldhana,DCH-32(Unginned),Mar,2019
Nanded,Varaxmi,Mar,2019
Nanded,Desi,Mar,2019
Nanded,Other,Mar,2019
Nanded,H-4(A) 27mm FIne,Mar,2019
Nanded,LRA,Mar,2019
Nanded,N-44,Mar,2019
Nanded,DCH-32(Unginned),Mar,2019
Akola,Varaxmi,Mar,2019
Akola,Desi,Mar,2019
Akola,Other,Mar,2019
Akola,H-4(A) 27mm FIne,Mar,2019
Akola,LRA,Mar,2019
Akola,N-44,Mar,2019
Akola,DCH-32(Unginned),Mar,2019
Aurangabad,Varaxmi,Mar,2019
Aurangabad,Desi,Mar,2019
Aurangabad,Other,Mar,2019
Aurangabad,H-4(A) 27mm FIne,Mar,2019
Aurangabad,LRA,Mar,2019
Aurangabad,N-44,Mar,2019
Aurangabad,DCH-32(Unginned),Mar,2019
Wardha,Varaxmi,Apr,2019
Wardha,Desi,Apr,2019
Wardha,Other,Apr,2019
Wardha,H-4(A) 27mm FIne,Apr,2019
Wardha,LRA,Apr,2019
Wardha,N-44,Apr,2019
Wardha,DCH-32(Unginned),Apr,2019
Nagpur,Varaxmi,Apr,2019
Nagpur,Desi,Apr,2019
Nagpur,Other,Apr,2019
Nagpur,H-4(A) 27mm FIne,Apr,2019
Nagpur,LRA,Apr,2019
Nagpur,N-44,Apr,2019
Nagpur,DCH-32(Unginned),Apr,2019
Yavatmal,Varaxmi,Apr,2019
Yavatmal,Desi,Apr,2019
Yavatmal,Other,Apr,2019
Yavatmal,H-4(A) 27mm FIne,Apr,2019
Yavatmal,LRA,Apr,2019
Yavatmal,N-44,Apr,2019
Yavatmal,DCH-32(Unginned),Apr,2019
Chandrapur,Varaxmi,Apr,2019
Chandrapur,Desi,Apr,2019
Chandrapur,Other,Apr,2019
Chandrapur,H-4(A) 27mm FIne,Apr,2019
Chandrapur,LRA,Apr,2019
Chandrapur,N-44,Apr,2019
Chandrapur,DCH-32(Unginned),Apr,2019
Parbhani,Varaxmi,Apr,2019
Parbhani,Desi,Apr,2019
Parbhani,Other,Apr,2019
Parbhani,H-4(A) 27mm FIne,Apr,2019
Parbhani,LRA,Apr,2019
Parbhani,N-44,Apr,2019
Parbhani,DCH-32(Unginned),Apr,2019
Amarawati,Varaxmi,Apr,2019
Amarawati,Desi,Apr,2019
Amarawati,Other,Apr,2019
Amarawati,H-4(A) 27mm FIne,Apr,2019
Amarawati,LRA,Apr,2019
Amarawati,N-44,Apr,2019
Amarawati,DCH-32(Unginned),Apr,2019
Jalana,Varaxmi,Apr,2019
Jalana,Desi,Apr,2019
Jalana,Other,Apr,2019
Jalana,H-4(A) 27mm FIne,Apr,2019
Jalana,LRA,Apr,2019
Jalana,N-44,Apr,2019
Jalana,DCH-32(Unginned),Apr,2019
Beed,Varaxmi,Apr,2019
Beed,Desi,Apr,2019
Beed,Other,Apr,2019
Beed,H-4(A) 27mm FIne,Apr,2019
Beed,LRA,Apr,2019
Beed,N-44,Apr,2019
Beed,DCH-32(Unginned),Apr,2019
Buldhana,Varaxmi,Apr,2019
Buldhana,Desi,Apr,2019
Buldhana,Other,Apr,2019
Buldhana,H-4(A) 27mm FIne,Apr,2019
Buldhana,LRA,Apr,2019
Buldhana,N-44,Apr,2019
Buldhana,DCH-32(Unginned),Apr,2019
Nanded,Varaxmi,Apr,2019
Nanded,Desi,Apr,2019
Nanded,Other,Apr,2019
Nanded,H-4(A) 27mm FIne,Apr,2019
Nanded,LRA,Apr,2019
Nanded,N-44,Apr,2019
Nanded,DCH-32(Unginned),Apr,2019
Akola,Varaxmi,Apr,2019
Akola,Desi,Apr,2019
Akola,Other,Apr,2019
Akola,H-4(A) 27mm FIne,Apr,2019
Akola,LRA,Apr,2019
Akola,N-44,Apr,2019
Akola,DCH-32(Unginned),Apr,2019
Aurangabad,Varaxmi,Apr,2019
Aurangabad,Desi,Apr,2019
Aurangabad,Other,Apr,2019
Aurangabad,H-4(A) 27mm FIne,Apr,2019
Aurangabad,LRA,Apr,2019
Aurangabad,N-44,Apr,2019
Aurangabad,DCH-32(Unginned),Apr,2019
Wardha,Varaxmi,May,2019
Wardha,Desi,May,2019
Wardha,Other,May,2019
Wardha,H-4(A) 27mm FIne,May,2019
Wardha,LRA,May,2019
Wardha,N-44,May,2019
Wardha,DCH-32(Unginned),May,2019
Nagpur,Varaxmi,May,2019
Nagpur,Desi,May,2019
Nagpur,Other,May,2019
Nagpur,H-4(A) 27mm FIne,May,2019
Nagpur,LRA,May,2019
Nagpur,N-44,May,2019
Nagpur,DCH-32(Unginned),May,2019
Yavatmal,Varaxmi,May,2019
Yavatmal,Desi,May,2019
Yavatmal,Other,May,2019
Yavatmal,H-4(A) 27mm FIne,May,2019
Yavatmal,LRA,May,2019
Yavatmal,N-44,May,2019
Yavatmal,DCH-32(Unginned),May,2019
Chandrapur,Varaxmi,May,2019
Chandrapur,Desi,May,2019
Chandrapur,Other,May,2019
Chandrapur,H-4(A) 27mm FIne,May,2019
Chandrapur,LRA,May,2019
Chandrapur,N-44,May,2019
Chandrapur,DCH-32(Unginned),May,2019
Parbhani,Varaxmi,May,2019
Parbhani,Desi,May,2019
Parbhani,Other,May,2019
Parbhani,H-4(A) 27mm FIne,May,2019
Parbhani,LRA,May,2019
Parbhani,N-44,May,2019
Parbhani,DCH-32(Unginned),May,2019
Amarawati,Varaxmi,May,2019
Amarawati,Desi,May,2019
Amarawati,Other,May,2019
Amarawati,H-4(A) 27mm FIne,May,2019
Amarawati,LRA,May,2019
Amarawati,N-44,May,2019
Amarawati,DCH-32(Unginned),May,2019
Jalana,Varaxmi,May,2019
Jalana,Desi,May,2019
Jalana,Other,May,2019
Jalana,H-4(A) 27mm FIne,May,2019
Jalana,LRA,May,2019
Jalana,N-44,May,2019
Jalana,DCH-32(Unginned),May,2019
Beed,Varaxmi,May,2019
Beed,Desi,May,2019
Beed,Other,May,2019
Beed,H-4(A) 27mm FIne,May,2019
Beed,LRA,May,2019
Beed,N-44,May,2019
Beed,DCH-32(Unginned),May,2019
Buldhana,Varaxmi,May,2019
Buldhana,Desi,May,2019
Buldhana,Other,May,2019
Buldhana,H-4(A) 27mm FIne,May,2019
Buldhana,LRA,May,2019
Buldhana,N-44,May,2019
Buldhana,DCH-32(Unginned),May,2019
Nanded,Varaxmi,May,2019
Nanded,Desi,May,2019
Nanded,Other,May,2019
Nanded,H-4(A) 27mm FIne,May,2019
Nanded,LRA,May,2019
Nanded,N-44,May,2019
Nanded,DCH-32(Unginned),May,2019
Akola,Varaxmi,May,2019
Akola,Desi,May,2019
Akola,Other,May,2019
Akola,H-4(A) 27mm FIne,May,2019
Akola,LRA,May,2019
Akola,N-44,May,2019
Akola,DCH-32(Unginned),May,2019
Aurangabad,Varaxmi,May,2019
Aurangabad,Desi,May,2019
Aurangabad,Other,May,2019
Aurangabad,H-4(A) 27mm FIne,May,2019
Aurangabad,LRA,May,2019
Aurangabad,N-44,May,2019
Aurangabad,DCH-32(Unginned),May,2019
Wardha,Varaxmi,Jun,2019
Wardha,Desi,Jun,2019
Wardha,Other,Jun,2019
Wardha,H-4(A) 27mm FIne,Jun,2019
Wardha,LRA,Jun,2019
Wardha,N-44,Jun,2019
Wardha,DCH-32(Unginned),Jun,2019
Nagpur,Varaxmi,Jun,2019
Nagpur,Desi,Jun,2019
Nagpur,Other,Jun,2019
Nagpur,H-4(A) 27mm FIne,Jun,2019
Nagpur,LRA,Jun,2019
Nagpur,N-44,Jun,2019
Nagpur,DCH-32(Unginned),Jun,2019
Yavatmal,Varaxmi,Jun,2019
Yavatmal,Desi,Jun,2019
Yavatmal,Other,Jun,2019
Yavatmal,H-4(A) 27mm FIne,Jun,2019
Yavatmal,LRA,Jun,2019
Yavatmal,N-44,Jun,2019
Yavatmal,DCH-32(Unginned),Jun,2019
Chandrapur,Varaxmi,Jun,2019
Chandrapur,Desi,Jun,2019
Chandrapur,Other,Jun,2019
Chandrapur,H-4(A) 27mm FIne,Jun,2019
Chandrapur,LRA,Jun,2019
Chandrapur,N-44,Jun,2019
Chandrapur,DCH-32(Unginned),Jun,2019
Parbhani,Varaxmi,Jun,2019
Parbhani,Desi,Jun,2019
Parbhani,Other,Jun,2019
Parbhani,H-4(A) 27mm FIne,Jun,2019
Parbhani,LRA,Jun,2019
Parbhani,N-44,Jun,2019
Parbhani,DCH-32(Unginned),Jun,2019
Amarawati,Varaxmi,Jun,2019
Amarawati,Desi,Jun,2019
Amarawati,Other,Jun,2019
Amarawati,H-4(A) 27mm FIne,Jun,2019
Amarawati,LRA,Jun,2019
Amarawati,N-44,Jun,2019
Amarawati,DCH-32(Unginned),Jun,2019
Jalana,Varaxmi,Jun,2019
Jalana,Desi,Jun,2019
Jalana,Other,Jun,2019
Jalana,H-4(A) 27mm FIne,Jun,2019
Jalana,LRA,Jun,2019
Jalana,N-44,Jun,2019
Jalana,DCH-32(Unginned),Jun,2019
Beed,Varaxmi,Jun,2019
Beed,Desi,Jun,2019
Beed,Other,Jun,2019
Beed,H-4(A) 27mm FIne,Jun,2019
Beed,LRA,Jun,2019
Beed,N-44,Jun,2019
Beed,DCH-32(Unginned),Jun,2019
Buldhana,Varaxmi,Jun,2019
Buldhana,Desi,Jun,2019
Buldhana,Other,Jun,2019
Buldhana,H-4(A) 27mm FIne,Jun,2019
Buldhana,LRA,Jun,2019
Buldhana,N-44,Jun,2019
Buldhana,DCH-32(Unginned),Jun,2019
Nanded,Varaxmi,Jun,2019
Nanded,Desi,Jun,2019
Nanded,Other,Jun,2019
Nanded,H-4(A) 27mm FIne,Jun,2019
Nanded,LRA,Jun,2019
Nanded,N-44,Jun,2019
Nanded,DCH-32(Unginned),Jun,2019
Akola,Varaxmi,Jun,2019
Akola,Desi,Jun,2019
Akola,Other,Jun,2019
Akola,H-4(A) 27mm FIne,Jun,2019
Akola,LRA,Jun,2019
Akola,N-44,Jun,2019
Akola,DCH-32(Unginned),Jun,2019
Aurangabad,Varaxmi,Jun,2019
Aurangabad,Desi,Jun,2019
Aurangabad,Other,Jun,2019
Aurangabad,H-4(A) 27mm FIne,Jun,2019
Aurangabad,LRA,Jun,2019
Aurangabad,N-44,Jun,2019
Aurangabad,DCH-32(Unginned),Jun,2019
Wardha,Varaxmi,Jul,2019
Wardha,Desi,Jul,2019
Wardha,Other,Jul,2019
Wardha,H-4(A) 27mm FIne,Jul,2019
Wardha,LRA,Jul,2019
Wardha,N-44,Jul,2019
Wardha,DCH-32(Unginned),Jul,2019
Nagpur,Varaxmi,Jul,2019
Nagpur,Desi,Jul,2019
Nagpur,Other,Jul,2019
Nagpur,H-4(A) 27mm FIne,Jul,2019
Nagpur,LRA,Jul,2019
Nagpur,N-44,Jul,2019
Nagpur,DCH-32(Unginned),Jul,2019
Yavatmal,Varaxmi,Jul,2019
Yavatmal,Desi,Jul,2019
Yavatmal,Other,Jul,2019
Yavatmal,H-4(A) 27mm FIne,Jul,2019
Yavatmal,LRA,Jul,2019
Yavatmal,N-44,Jul,2019
Yavatmal,DCH-32(Unginned),Jul,2019
Chandrapur,Varaxmi,Jul,2019
Chandrapur,Desi,Jul,2019
Chandrapur,Other,Jul,2019
Chandrapur,H-4(A) 27mm FIne,Jul,2019
Chandrapur,LRA,Jul,2019
Chandrapur,N-44,Jul,2019
Chandrapur,DCH-32(Unginned),Jul,2019
Parbhani,Varaxmi,Jul,2019
Parbhani,Desi,Jul,2019
Parbhani,Other,Jul,2019
Parbhani,H-4(A) 27mm FIne,Jul,2019
Parbhani,LRA,Jul,2019
Parbhani,N-44,Jul,2019
Parbhani,DCH-32(Unginned),Jul,2019
Amarawati,Varaxmi,Jul,2019
Amarawati,Desi,Jul,2019
Amarawati,Other,Jul,2019
Amarawati,H-4(A) 27mm FIne,Jul,2019
Amarawati,LRA,Jul,2019
Amarawati,N-44,Jul,2019
Amarawati,DCH-32(Unginned),Jul,2019
Jalana,Varaxmi,Jul,2019
Jalana,Desi,Jul,2019
Jalana,Other,Jul,2019
Jalana,H-4(A) 27mm FIne,Jul,2019
Jalana,LRA,Jul,2019
Jalana,N-44,Jul,2019
Jalana,DCH-32(Unginned),Jul,2019
Beed,Varaxmi,Jul,2019
Beed,Desi,Jul,2019
Beed,Other,Jul,2019
Beed,H-4(A) 27mm FIne,Jul,2019
Beed,LRA,Jul,2019
Beed,N-44,Jul,2019
Beed,DCH-32(Unginned),Jul,2019
Buldhana,Varaxmi,Jul,2019
Buldhana,Desi,Jul,2019
Buldhana,Other,Jul,2019
Buldhana,H-4(A) 27mm FIne,Jul,2019
Buldhana,LRA,Jul,2019
Buldhana,N-44,Jul,2019
Buldhana,DCH-32(Unginned),Jul,2019
Nanded,Varaxmi,Jul,2019
Nanded,Desi,Jul,2019
Nanded,Other,Jul,2019
Nanded,H-4(A) 27mm FIne,Jul,2019
Nanded,LRA,Jul,2019
Nanded,N-44,Jul,2019
Nanded,DCH-32(Unginned),Jul,2019
Akola,Varaxmi,Jul,2019
Akola,Desi,Jul,2019
Akola,Other,Jul,2019
Akola,H-4(A) 27mm FIne,Jul,2019
Akola,LRA,Jul,2019
Akola,N-44,Jul,2019
Akola,DCH-32(Unginned),Jul,2019
Aurangabad,Varaxmi,Jul,2019
Aurangabad,Desi,Jul,2019
Aurangabad,Other,Jul,2019
Aurangabad,H-4(A) 27mm FIne,Jul,2019
Aurangabad,LRA,Jul,2019
Aurangabad,N-44,Jul,2019
Aurangabad,DCH-32(Unginned),Jul,2019
Wardha,Varaxmi,Aug,2019
Wardha,Desi,Aug,2019
Wardha,Other,Aug,2019
Wardha,H-4(A) 27mm FIne,Aug,2019
Wardha,LRA,Aug,2019
Wardha,N-44,Aug,2019
Wardha,DCH-32(Unginned),Aug,2019
Nagpur,Varaxmi,Aug,2019
Nagpur,Desi,Aug,2019
Nagpur,Other,Aug,2019
Nagpur,H-4(A) 27mm FIne,Aug,2019
Nagpur,LRA,Aug,2019
Nagpur,N-44,Aug,2019
Nagpur,DCH-32(Unginned),Aug,2019
Yavatmal,Varaxmi,Aug,2019
Yavatmal,Desi,Aug,2019
Yavatmal,Other,Aug,2019
Yavatmal,H-4(A) 27mm FIne,Aug,2019
Yavatmal,LRA,Aug,2019
Yavatmal,N-44,Aug,2019
Yavatmal,DCH-32(Unginned),Aug,2019
Chandrapur,Varaxmi,Aug,2019
Chandrapur,Desi,Aug,2019
Chandrapur,Other,Aug,2019
Chandrapur,H-4(A) 27mm FIne,Aug,2019
Chandrapur,LRA,Aug,2019
Chandrapur,N-44,Aug,2019
Chandrapur,DCH-32(Unginned),Aug,2019
Parbhani,Varaxmi,Aug,2019
Parbhani,Desi,Aug,2019
Parbhani,Other,Aug,2019
Parbhani,H-4(A) 27mm FIne,Aug,2019
Parbhani,LRA,Aug,2019
Parbhani,N-44,Aug,2019
Parbhani,DCH-32(Unginned),Aug,2019
Amarawati,Varaxmi,Aug,2019
Amarawati,Desi,Aug,2019
Amarawati,Other,Aug,2019
Amarawati,H-4(A) 27mm FIne,Aug,2019
Amarawati,LRA,Aug,2019
Amarawati,N-44,Aug,2019
Amarawati,DCH-32(Unginned),Aug,2019
Jalana,Varaxmi,Aug,2019
Jalana,Desi,Aug,2019
Jalana,Other,Aug,2019
Jalana,H-4(A) 27mm FIne,Aug,2019
Jalana,LRA,Aug,2019
Jalana,N-44,Aug,2019
Jalana,DCH-32(Unginned),Aug,2019
Beed,Varaxmi,Aug,2019
Beed,Desi,Aug,2019
Beed,Other,Aug,2019
Beed,H-4(A) 27mm FIne,Aug,2019
Beed,LRA,Aug,2019
Beed,N-44,Aug,2019
Beed,DCH-32(Unginned),Aug,2019
Buldhana,Varaxmi,Aug,2019
Buldhana,Desi,Aug,2019
Buldhana,Other,Aug,2019
Buldhana,H-4(A) 27mm FIne,Aug,2019
Buldhana,LRA,Aug,2019
Buldhana,N-44,Aug,2019
Buldhana,DCH-32(Unginned),Aug,2019
Nanded,Varaxmi,Aug,2019
Nanded,Desi,Aug,2019
Nanded,Other,Aug,2019
Nanded,H-4(A) 27mm FIne,Aug,2019
Nanded,LRA,Aug,2019
Nanded,N-44,Aug,2019
Nanded,DCH-32(Unginned),Aug,2019
Akola,Varaxmi,Aug,2019
Akola,Desi,Aug,2019
Akola,Other,Aug,2019
Akola,H-4(A) 27mm FIne,Aug,2019
Akola,LRA,Aug,2019
Akola,N-44,Aug,2019
Akola,DCH-32(Unginned),Aug,2019
Aurangabad,Varaxmi,Aug,2019
Aurangabad,Desi,Aug,2019
Aurangabad,Other,Aug,2019
Aurangabad,H-4(A) 27mm FIne,Aug,2019
Aurangabad,LRA,Aug,2019
Aurangabad,N-44,Aug,2019
Aurangabad,DCH-32(Unginned),Aug,2019
Wardha,Varaxmi,Sep,2019
Wardha,Desi,Sep,2019
Wardha,Other,Sep,2019
Wardha,H-4(A) 27mm FIne,Sep,2019
Wardha,LRA,Sep,2019
Wardha,N-44,Sep,2019
Wardha,DCH-32(Unginned),Sep,2019
Nagpur,Varaxmi,Sep,2019
Nagpur,Desi,Sep,2019
Nagpur,Other,Sep,2019
Nagpur,H-4(A) 27mm FIne,Sep,2019
Nagpur,LRA,Sep,2019
Nagpur,N-44,Sep,2019
Nagpur,DCH-32(Unginned),Sep,2019
Yavatmal,Varaxmi,Sep,2019
Yavatmal,Desi,Sep,2019
Yavatmal,Other,Sep,2019
Yavatmal,H-4(A) 27mm FIne,Sep,2019
Yavatmal,LRA,Sep,2019
Yavatmal,N-44,Sep,2019
Yavatmal,DCH-32(Unginned),Sep,2019
Chandrapur,Varaxmi,Sep,2019
Chandrapur,Desi,Sep,2019
Chandrapur,Other,Sep,2019
Chandrapur,H-4(A) 27mm FIne,Sep,2019
Chandrapur,LRA,Sep,2019
Chandrapur,N-44,Sep,2019
Chandrapur,DCH-32(Unginned),Sep,2019
Parbhani,Varaxmi,Sep,2019
Parbhani,Desi,Sep,2019
Parbhani,Other,Sep,2019
Parbhani,H-4(A) 27mm FIne,Sep,2019
Parbhani,LRA,Sep,2019
Parbhani,N-44,Sep,2019
Parbhani,DCH-32(Unginned),Sep,2019
Amarawati,Varaxmi,Sep,2019
Amarawati,Desi,Sep,2019
Amarawati,Other,Sep,2019
Amarawati,H-4(A) 27mm FIne,Sep,2019
Amarawati,LRA,Sep,2019
Amarawati,N-44,Sep,2019
Amarawati,DCH-32(Unginned),Sep,2019
Jalana,Varaxmi,Sep,2019
Jalana,Desi,Sep,2019
Jalana,Other,Sep,2019
Jalana,H-4(A) 27mm FIne,Sep,2019
Jalana,LRA,Sep,2019
Jalana,N-44,Sep,2019
Jalana,DCH-32(Unginned),Sep,2019
Beed,Varaxmi,Sep,2019
Beed,Desi,Sep,2019
Beed,Other,Sep,2019
Beed,H-4(A) 27mm FIne,Sep,2019
Beed,LRA,Sep,2019
Beed,N-44,Sep,2019
Beed,DCH-32(Unginned),Sep,2019
Buldhana,Varaxmi,Sep,2019
Buldhana,Desi,Sep,2019
Buldhana,Other,Sep,2019
Buldhana,H-4(A) 27mm FIne,Sep,2019
Buldhana,LRA,Sep,2019
Buldhana,N-44,Sep,2019
Buldhana,DCH-32(Unginned),Sep,2019
Nanded,Varaxmi,Sep,2019
Nanded,Desi,Sep,2019
Nanded,Other,Sep,2019
Nanded,H-4(A) 27mm FIne,Sep,2019
Nanded,LRA,Sep,2019
Nanded,N-44,Sep,2019
Nanded,DCH-32(Unginned),Sep,2019
Akola,Varaxmi,Sep,2019
Akola,Desi,Sep,2019
Akola,Other,Sep,2019
Akola,H-4(A) 27mm FIne,Sep,2019
Akola,LRA,Sep,2019
Akola,N-44,Sep,2019
Akola,DCH-32(Unginned),Sep,2019
Aurangabad,Varaxmi,Sep,2019
Aurangabad,Desi,Sep,2019
Aurangabad,Other,Sep,2019
Aurangabad,H-4(A) 27mm FIne,Sep,2019
Aurangabad,LRA,Sep,2019
Aurangabad,N-44,Sep,2019
Aurangabad,DCH-32(Unginned),Sep,2019
Wardha,Varaxmi,Oct,2019
Wardha,Desi,Oct,2019
Wardha,Other,Oct,2019
Wardha,H-4(A) 27mm FIne,Oct,2019
Wardha,LRA,Oct,2019
Wardha,N-44,Oct,2019
Wardha,DCH-32(Unginned),Oct,2019
Nagpur,Varaxmi,Oct,2019
Nagpur,Desi,Oct,2019
Nagpur,Other,Oct,2019
Nagpur,H-4(A) 27mm FIne,Oct,2019
Nagpur,LRA,Oct,2019
Nagpur,N-44,Oct,2019
Nagpur,DCH-32(Unginned),Oct,2019
Yavatmal,Varaxmi,Oct,2019
Yavatmal,Desi,Oct,2019
Yavatmal,Other,Oct,2019
Yavatmal,H-4(A) 27mm FIne,Oct,2019
Yavatmal,LRA,Oct,2019
Yavatmal,N-44,Oct,2019
Yavatmal,DCH-32(Unginned),Oct,2019
Chandrapur,Varaxmi,Oct,2019
Chandrapur,Desi,Oct,2019
Chandrapur,Other,Oct,2019
Chandrapur,H-4(A) 27mm FIne,Oct,2019
Chandrapur,LRA,Oct,2019
Chandrapur,N-44,Oct,2019
Chandrapur,DCH-32(Unginned),Oct,2019
Parbhani,Varaxmi,Oct,2019
Parbhani,Desi,Oct,2019
Parbhani,Other,Oct,2019
Parbhani,H-4(A) 27mm FIne,Oct,2019
Parbhani,LRA,Oct,2019
Parbhani,N-44,Oct,2019
Parbhani,DCH-32(Unginned),Oct,2019
Amarawati,Varaxmi,Oct,2019
Amarawati,Desi,Oct,2019
Amarawati,Other,Oct,2019
Amarawati,H-4(A) 27mm FIne,Oct,2019
Amarawati,LRA,Oct,2019
Amarawati,N-44,Oct,2019
Amarawati,DCH-32(Unginned),Oct,2019
Jalana,Varaxmi,Oct,2019
Jalana,Desi,Oct,2019
Jalana,Other,Oct,2019
Jalana,H-4(A) 27mm FIne,Oct,2019
Jalana,LRA,Oct,2019
Jalana,N-44,Oct,2019
Jalana,DCH-32(Unginned),Oct,2019
Beed,Varaxmi,Oct,2019
Beed,Desi,Oct,2019
Beed,Other,Oct,2019
Beed,H-4(A) 27mm FIne,Oct,2019
Beed,LRA,Oct,2019
Beed,N-44,Oct,2019
Beed,DCH-32(Unginned),Oct,2019
Buldhana,Varaxmi,Oct,2019
Buldhana,Desi,Oct,2019
Buldhana,Other,Oct,2019
Buldhana,H-4(A) 27mm FIne,Oct,2019
Buldhana,LRA,Oct,2019
Buldhana,N-44,Oct,2019
Buldhana,DCH-32(Unginned),Oct,2019
Nanded,Varaxmi,Oct,2019
Nanded,Desi,Oct,2019
Nanded,Other,Oct,2019
Nanded,H-4(A) 27mm FIne,Oct,2019
Nanded,LRA,Oct,2019
Nanded,N-44,Oct,2019
Nanded,DCH-32(Unginned),Oct,2019
Akola,Varaxmi,Oct,2019
Akola,Desi,Oct,2019
Akola,Other,Oct,2019
Akola,H-4(A) 27mm FIne,Oct,2019
Akola,LRA,Oct,2019
Akola,N-44,Oct,2019
Akola,DCH-32(Unginned),Oct,2019
Aurangabad,Varaxmi,Oct,2019
Aurangabad,Desi,Oct,2019
Aurangabad,Other,Oct,2019
Aurangabad,H-4(A) 27mm FIne,Oct,2019
Aurangabad,LRA,Oct,2019
Aurangabad,N-44,Oct,2019
Aurangabad,DCH-32(Unginned),Oct,2019
Wardha,Varaxmi,Nov,2019
Wardha,Desi,Nov,2019
Wardha,Other,Nov,2019
Wardha,H-4(A) 27mm FIne,Nov,2019
Wardha,LRA,Nov,2019
Wardha,N-44,Nov,2019
Wardha,DCH-32(Unginned),Nov,2019
Nagpur,Varaxmi,Nov,2019
Nagpur,Desi,Nov,2019
Nagpur,Other,Nov,2019
Nagpur,H-4(A) 27mm FIne,Nov,2019
Nagpur,LRA,Nov,2019
Nagpur,N-44,Nov,2019
Nagpur,DCH-32(Unginned),Nov,2019
Yavatmal,Varaxmi,Nov,2019
Yavatmal,Desi,Nov,2019
Yavatmal,Other,Nov,2019
Yavatmal,H-4(A) 27mm FIne,Nov,2019
Yavatmal,LRA,Nov,2019
Yavatmal,N-44,Nov,2019
Yavatmal,DCH-32(Unginned),Nov,2019
Chandrapur,Varaxmi,Nov,2019
Chandrapur,Desi,Nov,2019
Chandrapur,Other,Nov,2019
Chandrapur,H-4(A) 27mm FIne,Nov,2019
Chandrapur,LRA,Nov,2019
Chandrapur,N-44,Nov,2019
Chandrapur,DCH-32(Unginned),Nov,2019
Parbhani,Varaxmi,Nov,2019
Parbhani,Desi,Nov,2019
Parbhani,Other,Nov,2019
Parbhani,H-4(A) 27mm FIne,Nov,2019
Parbhani,LRA,Nov,2019
Parbhani,N-44,Nov,2019
Parbhani,DCH-32(Unginned),Nov,2019
Amarawati,Varaxmi,Nov,2019
Amarawati,Desi,Nov,2019
Amarawati,Other,Nov,2019
Amarawati,H-4(A) 27mm FIne,Nov,2019
Amarawati,LRA,Nov,2019
Amarawati,N-44,Nov,2019
Amarawati,DCH-32(Unginned),Nov,2019
Jalana,Varaxmi,Nov,2019
Jalana,Desi,Nov,2019
Jalana,Other,Nov,2019
Jalana,H-4(A) 27mm FIne,Nov,2019
Jalana,LRA,Nov,2019
Jalana,N-44,Nov,2019
Jalana,DCH-32(Unginned),Nov,2019
Beed,Varaxmi,Nov,2019
Beed,Desi,Nov,2019
Beed,Other,Nov,2019
Beed,H-4(A) 27mm FIne,Nov,2019
Beed,LRA,Nov,2019
Beed,N-44,Nov,2019
Beed,DCH-32(Unginned),Nov,2019
Buldhana,Varaxmi,Nov,2019
Buldhana,Desi,Nov,2019
Buldhana,Other,Nov,2019
Buldhana,H-4(A) 27mm FIne,Nov,2019
Buldhana,LRA,Nov,2019
Buldhana,N-44,Nov,2019
Buldhana,DCH-32(Unginned),Nov,2019
Nanded,Varaxmi,Nov,2019
Nanded,Desi,Nov,2019
Nanded,Other,Nov,2019
Nanded,H-4(A) 27mm FIne,Nov,2019
Nanded,LRA,Nov,2019
Nanded,N-44,Nov,2019
Nanded,DCH-32(Unginned),Nov,2019
Akola,Varaxmi,Nov,2019
Akola,Desi,Nov,2019
Akola,Other,Nov,2019
Akola,H-4(A) 27mm FIne,Nov,2019
Akola,LRA,Nov,2019
Akola,N-44,Nov,2019
Akola,DCH-32(Unginned),Nov,2019
Aurangabad,Varaxmi,Nov,2019
Aurangabad,Desi,Nov,2019
Aurangabad,Other,Nov,2019
Aurangabad,H-4(A) 27mm FIne,Nov,2019
Aurangabad,LRA,Nov,2019
Aurangabad,N-44,Nov,2019
Aurangabad,DCH-32(Unginned),Nov,2019
Wardha,Varaxmi,Dec,2019
Wardha,Desi,Dec,2019
Wardha,Other,Dec,2019
Wardha,H-4(A) 27mm FIne,Dec,2019
Wardha,LRA,Dec,2019
Wardha,N-44,Dec,2019
Wardha,DCH-32(Unginned),Dec,2019
Nagpur,Varaxmi,Dec,2019
Nagpur,Desi,Dec,2019
Nagpur,Other,Dec,2019
Nagpur,H-4(A) 27mm FIne,Dec,2019
Nagpur,LRA,Dec,2019
Nagpur,N-44,Dec,2019
Nagpur,DCH-32(Unginned),Dec,2019
Yavatmal,Varaxmi,Dec,2019
Yavatmal,Desi,Dec,2019
Yavatmal,Other,Dec,2019
Yavatmal,H-4(A) 27mm FIne,Dec,2019
Yavatmal,LRA,Dec,2019
Yavatmal,N-44,Dec,2019
Yavatmal,DCH-32(Unginned),Dec,2019
Chandrapur,Varaxmi,Dec,2019
Chandrapur,Desi,Dec,2019
Chandrapur,Other,Dec,2019
Chandrapur,H-4(A) 27mm FIne,Dec,2019
Chandrapur,LRA,Dec,2019
Chandrapur,N-44,Dec,2019
Chandrapur,DCH-32(Unginned),Dec,2019
Parbhani,Varaxmi,Dec,2019
Parbhani,Desi,Dec,2019
Parbhani,Other,Dec,2019
Parbhani,H-4(A) 27mm FIne,Dec,2019
Parbhani,LRA,Dec,2019
Parbhani,N-44,Dec,2019
Parbhani,DCH-32(Unginned),Dec,2019
Amarawati,Varaxmi,Dec,2019
Amarawati,Desi,Dec,2019
Amarawati,Other,Dec,2019
Amarawati,H-4(A) 27mm FIne,Dec,2019
Amarawati,LRA,Dec,2019
Amarawati,N-44,Dec,2019
Amarawati,DCH-32(Unginned),Dec,2019
Jalana,Varaxmi,Dec,2019
Jalana,Desi,Dec,2019
Jalana,Other,Dec,2019
Jalana,H-4(A) 27mm FIne,Dec,2019
Jalana,LRA,Dec,2019
Jalana,N-44,Dec,2019
Jalana,DCH-32(Unginned),Dec,2019
Beed,Varaxmi,Dec,2019
Beed,Desi,Dec,2019
Beed,Other,Dec,2019
Beed,H-4(A) 27mm FIne,Dec,2019
Beed,LRA,Dec,2019
Beed,N-44,Dec,2019
Beed,DCH-32(Unginned),Dec,2019
Buldhana,Varaxmi,Dec,2019
Buldhana,Desi,Dec,2019
Buldhana,Other,Dec,2019
Buldhana,H-4(A) 27mm FIne,Dec,2019
Buldhana,LRA,Dec,2019
Buldhana,N-44,Dec,2019
Buldhana,DCH-32(Unginned),Dec,2019
Nanded,Varaxmi,Dec,2019
Nanded,Desi,Dec,2019
Nanded,Other,Dec,2019
Nanded,H-4(A) 27mm FIne,Dec,2019
Nanded,LRA,Dec,2019
Nanded,N-44,Dec,2019
Nanded,DCH-32(Unginned),Dec,2019
Akola,Varaxmi,Dec,2019
Akola,Desi,Dec,2019
Akola,Other,Dec,2019
Akola,H-4(A) 27mm FIne,Dec,2019
Akola,LRA,Dec,2019
Akola,N-44,Dec,2019
Akola,DCH-32(Unginned),Dec,2019
Aurangabad,Varaxmi,Dec,2019
Aurangabad,Desi,Dec,2019
Aurangabad,Other,Dec,2019
Aurangabad,H-4(A) 27mm FIne,Dec,2019
Aurangabad,LRA,Dec,2019
Aurangabad,N-44,Dec,2019
Aurangabad,DCH-32(Unginned),Dec,2019
Wardha,Varaxmi,Mar,2018
Wardha,Desi,Mar,2018
Wardha,Other,Mar,2018
Wardha,H-4(A) 27mm FIne,Mar,2018
Wardha,LRA,Mar,2018
Wardha,N-44,Mar,2018
Wardha,DCH-32(Unginned),Mar,2018
Nagpur,Varaxmi,Mar,2018
Nagpur,Desi,Mar,2018
Nagpur,Other,Mar,2018
Nagpur,H-4(A) 27mm FIne,Mar,2018
Nagpur,LRA,Mar,2018
Nagpur,N-44,Mar,2018
Nagpur,DCH-32(Unginned),Mar,2018
Yavatmal,Varaxmi,Mar,2018
Yavatmal,Desi,Mar,2018
Yavatmal,Other,Mar,2018
Yavatmal,H-4(A) 27mm FIne,Mar,2018
Yavatmal,LRA,Mar,2018
Yavatmal,N-44,Mar,2018
Yavatmal,DCH-32(Unginned),Mar,2018
Chandrapur,Varaxmi,Mar,2018
Chandrapur,Desi,Mar,2018
Chandrapur,Other,Mar,2018
Chandrapur,H-4(A) 27mm FIne,Mar,2018
Chandrapur,LRA,Mar,2018
Chandrapur,N-44,Mar,2018
Chandrapur,DCH-32(Unginned),Mar,2018
Parbhani,Varaxmi,Mar,2018
Parbhani,Desi,Mar,2018
Parbhani,Other,Mar,2018
Parbhani,H-4(A) 27mm FIne,Mar,2018
Parbhani,LRA,Mar,2018
Parbhani,N-44,Mar,2018
Parbhani,DCH-32(Unginned),Mar,2018
Amarawati,Varaxmi,Mar,2018
Amarawati,Desi,Mar,2018
Amarawati,Other,Mar,2018
Amarawati,H-4(A) 27mm FIne,Mar,2018
Amarawati,LRA,Mar,2018
Amarawati,N-44,Mar,2018
Amarawati,DCH-32(Unginned),Mar,2018
Jalana,Varaxmi,Mar,2018
Jalana,Desi,Mar,2018
Jalana,Other,Mar,2018
Jalana,H-4(A) 27mm FIne,Mar,2018
Jalana,LRA,Mar,2018
Jalana,N-44,Mar,2018
Jalana,DCH-32(Unginned),Mar,2018
Beed,Varaxmi,Mar,2018
Beed,Desi,Mar,2018
Beed,Other,Mar,2018
Beed,H-4(A) 27mm FIne,Mar,2018
Beed,LRA,Mar,2018
Beed,N-44,Mar,2018
Beed,DCH-32(Unginned),Mar,2018
Buldhana,Varaxmi,Mar,2018
Buldhana,Desi,Mar,2018
Buldhana,Other,Mar,2018
Buldhana,H-4(A) 27mm FIne,Mar,2018
Buldhana,LRA,Mar,2018
Buldhana,N-44,Mar,2018
Buldhana,DCH-32(Unginned),Mar,2018
Nanded,Varaxmi,Mar,2018
Nanded,Desi,Mar,2018
Nanded,Other,Mar,2018
Nanded,H-4(A) 27mm FIne,Mar,2018
Nanded,LRA,Mar,2018
Nanded,N-44,Mar,2018
Nanded,DCH-32(Unginned),Mar,2018
Akola,Varaxmi,Mar,2018
Akola,Desi,Mar,2018
Akola,Other,Mar,2018
Akola,H-4(A) 27mm FIne,Mar,2018
Akola,LRA,Mar,2018
Akola,N-44,Mar,2018
Akola,DCH-32(Unginned),Mar,2018
Aurangabad,Varaxmi,Mar,2018
Aurangabad,Desi,Mar,2018
Aurangabad,Other,Mar,2018
Aurangabad,H-4(A) 27mm FIne,Mar,2018
Aurangabad,LRA,Mar,2018
Aurangabad,N-44,Mar,2018
Aurangabad,DCH-32(Unginned),Mar,2018
Wardha,Varaxmi,Apr,2018
Wardha,Desi,Apr,2018
Wardha,Other,Apr,2018
Wardha,H-4(A) 27mm FIne,Apr,2018
Wardha,LRA,Apr,2018
Wardha,N-44,Apr,2018
Wardha,DCH-32(Unginned),Apr,2018
Nagpur,Varaxmi,Apr,2018
Nagpur,Desi,Apr,2018
Nagpur,Other,Apr,2018
Nagpur,H-4(A) 27mm FIne,Apr,2018
Nagpur,LRA,Apr,2018
Nagpur,N-44,Apr,2018
Nagpur,DCH-32(Unginned),Apr,2018
Yavatmal,Varaxmi,Apr,2018
Yavatmal,Desi,Apr,2018
Yavatmal,Other,Apr,2018
Yavatmal,H-4(A) 27mm FIne,Apr,2018
Yavatmal,LRA,Apr,2018
Yavatmal,N-44,Apr,2018
Yavatmal,DCH-32(Unginned),Apr,2018
Chandrapur,Varaxmi,Apr,2018
Chandrapur,Desi,Apr,2018
Chandrapur,Other,Apr,2018
Chandrapur,H-4(A) 27mm FIne,Apr,2018
Chandrapur,LRA,Apr,2018
Chandrapur,N-44,Apr,2018
Chandrapur,DCH-32(Unginned),Apr,2018
Parbhani,Varaxmi,Apr,2018
Parbhani,Desi,Apr,2018
Parbhani,Other,Apr,2018
Parbhani,H-4(A) 27mm FIne,Apr,2018
Parbhani,LRA,Apr,2018
Parbhani,N-44,Apr,2018
Parbhani,DCH-32(Unginned),Apr,2018
Amarawati,Varaxmi,Apr,2018
Amarawati,Desi,Apr,2018
Amarawati,Other,Apr,2018
Amarawati,H-4(A) 27mm FIne,Apr,2018
Amarawati,LRA,Apr,2018
Amarawati,N-44,Apr,2018
Amarawati,DCH-32(Unginned),Apr,2018
Jalana,Varaxmi,Apr,2018
Jalana,Desi,Apr,2018
Jalana,Other,Apr,2018
Jalana,H-4(A) 27mm FIne,Apr,2018
Jalana,LRA,Apr,2018
Jalana,N-44,Apr,2018
Jalana,DCH-32(Unginned),Apr,2018
Beed,Varaxmi,Apr,2018
Beed,Desi,Apr,2018
Beed,Other,Apr,2018
Beed,H-4(A) 27mm FIne,Apr,2018
Beed,LRA,Apr,2018
Beed,N-44,Apr,2018
Beed,DCH-32(Unginned),Apr,2018
Buldhana,Varaxmi,Apr,2018
Buldhana,Desi,Apr,2018
Buldhana,Other,Apr,2018
Buldhana,H-4(A) 27mm FIne,Apr,2018
Buldhana,LRA,Apr,2018
Buldhana,N-44,Apr,2018
Buldhana,DCH-32(Unginned),Apr,2018
Nanded,Varaxmi,Apr,2018
Nanded,Desi,Apr,2018
Nanded,Other,Apr,2018
Nanded,H-4(A) 27mm FIne,Apr,2018
Nanded,LRA,Apr,2018
Nanded,N-44,Apr,2018
Nanded,DCH-32(Unginned),Apr,2018
Akola,Varaxmi,Apr,2018
Akola,Desi,Apr,2018
Akola,Other,Apr,2018
Akola,H-4(A) 27mm FIne,Apr,2018
Akola,LRA,Apr,2018
Akola,N-44,Apr,2018
Akola,DCH-32(Unginned),Apr,2018
Aurangabad,Varaxmi,Apr,2018
Aurangabad,Desi,Apr,2018
Aurangabad,Other,Apr,2018
Aurangabad,H-4(A) 27mm FIne,Apr,2018
Aurangabad,LRA,Apr,2018
Aurangabad,N-44,Apr,2018
Aurangabad,DCH-32(Unginned),Apr,2018
Wardha,Varaxmi,May,2018
Wardha,Desi,May,2018
Wardha,Other,May,2018
Wardha,H-4(A) 27mm FIne,May,2018
Wardha,LRA,May,2018
Wardha,N-44,May,2018
Wardha,DCH-32(Unginned),May,2018
Nagpur,Varaxmi,May,2018
Nagpur,Desi,May,2018
Nagpur,Other,May,2018
Nagpur,H-4(A) 27mm FIne,May,2018
Nagpur,LRA,May,2018
Nagpur,N-44,May,2018
Nagpur,DCH-32(Unginned),May,2018
Yavatmal,Varaxmi,May,2018
Yavatmal,Desi,May,2018
Yavatmal,Other,May,2018
Yavatmal,H-4(A) 27mm FIne,May,2018
Yavatmal,LRA,May,2018
Yavatmal,N-44,May,2018
Yavatmal,DCH-32(Unginned),May,2018
Chandrapur,Varaxmi,May,2018
Chandrapur,Desi,May,2018
Chandrapur,Other,May,2018
Chandrapur,H-4(A) 27mm FIne,May,2018
Chandrapur,LRA,May,2018
Chandrapur,N-44,May,2018
Chandrapur,DCH-32(Unginned),May,2018
Parbhani,Varaxmi,May,2018
Parbhani,Desi,May,2018
Parbhani,Other,May,2018
Parbhani,H-4(A) 27mm FIne,May,2018
Parbhani,LRA,May,2018
Parbhani,N-44,May,2018
Parbhani,DCH-32(Unginned),May,2018
Amarawati,Varaxmi,May,2018
Amarawati,Desi,May,2018
Amarawati,Other,May,2018
Amarawati,H-4(A) 27mm FIne,May,2018
Amarawati,LRA,May,2018
Amarawati,N-44,May,2018
Amarawati,DCH-32(Unginned),May,2018
Jalana,Varaxmi,May,2018
Jalana,Desi,May,2018
Jalana,Other,May,2018
Jalana,H-4(A) 27mm FIne,May,2018
Jalana,LRA,May,2018
Jalana,N-44,May,2018
Jalana,DCH-32(Unginned),May,2018
Beed,Varaxmi,May,2018
Beed,Desi,May,2018
Beed,Other,May,2018
Beed,H-4(A) 27mm FIne,May,2018
Beed,LRA,May,2018
Beed,N-44,May,2018
Beed,DCH-32(Unginned),May,2018
Buldhana,Varaxmi,May,2018
Buldhana,Desi,May,2018
Buldhana,Other,May,2018
Buldhana,H-4(A) 27mm FIne,May,2018
Buldhana,LRA,May,2018
Buldhana,N-44,May,2018
Buldhana,DCH-32(Unginned),May,2018
Nanded,Varaxmi,May,2018
Nanded,Desi,May,2018
Nanded,Other,May,2018
Nanded,H-4(A) 27mm FIne,May,2018
Nanded,LRA,May,2018
Nanded,N-44,May,2018
Nanded,DCH-32(Unginned),May,2018
Akola,Varaxmi,May,2018
Akola,Desi,May,2018
Akola,Other,May,2018
Akola,H-4(A) 27mm FIne,May,2018
Akola,LRA,May,2018
Akola,N-44,May,2018
Akola,DCH-32(Unginned),May,2018
Aurangabad,Varaxmi,May,2018
Aurangabad,Desi,May,2018
Aurangabad,Other,May,2018
Aurangabad,H-4(A) 27mm FIne,May,2018
Aurangabad,LRA,May,2018
Aurangabad,N-44,May,2018
Aurangabad,DCH-32(Unginned),May,2018
Wardha,Varaxmi,Jun,2018
Wardha,Desi,Jun,2018
Wardha,Other,Jun,2018
Wardha,H-4(A) 27mm FIne,Jun,2018
Wardha,LRA,Jun,2018
Wardha,N-44,Jun,2018
Wardha,DCH-32(Unginned),Jun,2018
Nagpur,Varaxmi,Jun,2018
Nagpur,Desi,Jun,2018
Nagpur,Other,Jun,2018
Nagpur,H-4(A) 27mm FIne,Jun,2018
Nagpur,LRA,Jun,2018
Nagpur,N-44,Jun,2018
Nagpur,DCH-32(Unginned),Jun,2018
Yavatmal,Varaxmi,Jun,2018
Yavatmal,Desi,Jun,2018
Yavatmal,Other,Jun,2018
Yavatmal,H-4(A) 27mm FIne,Jun,2018
Yavatmal,LRA,Jun,2018
Yavatmal,N-44,Jun,2018
Yavatmal,DCH-32(Unginned),Jun,2018
Chandrapur,Varaxmi,Jun,2018
Chandrapur,Desi,Jun,2018
Chandrapur,Other,Jun,2018
Chandrapur,H-4(A) 27mm FIne,Jun,2018
Chandrapur,LRA,Jun,2018
Chandrapur,N-44,Jun,2018
Chandrapur,DCH-32(Unginned),Jun,2018
Parbhani,Varaxmi,Jun,2018
Parbhani,Desi,Jun,2018
Parbhani,Other,Jun,2018
Parbhani,H-4(A) 27mm FIne,Jun,2018
Parbhani,LRA,Jun,2018
Parbhani,N-44,Jun,2018
Parbhani,DCH-32(Unginned),Jun,2018
Amarawati,Varaxmi,Jun,2018
Amarawati,Desi,Jun,2018
Amarawati,Other,Jun,2018
Amarawati,H-4(A) 27mm FIne,Jun,2018
Amarawati,LRA,Jun,2018
Amarawati,N-44,Jun,2018
Amarawati,DCH-32(Unginned),Jun,2018
Jalana,Varaxmi,Jun,2018
Jalana,Desi,Jun,2018
Jalana,Other,Jun,2018
Jalana,H-4(A) 27mm FIne,Jun,2018
Jalana,LRA,Jun,2018
Jalana,N-44,Jun,2018
Jalana,DCH-32(Unginned),Jun,2018
Beed,Varaxmi,Jun,2018
Beed,Desi,Jun,2018
Beed,Other,Jun,2018
Beed,H-4(A) 27mm FIne,Jun,2018
Beed,LRA,Jun,2018
Beed,N-44,Jun,2018
Beed,DCH-32(Unginned),Jun,2018
Buldhana,Varaxmi,Jun,2018
Buldhana,Desi,Jun,2018
Buldhana,Other,Jun,2018
Buldhana,H-4(A) 27mm FIne,Jun,2018
Buldhana,LRA,Jun,2018
Buldhana,N-44,Jun,2018
Buldhana,DCH-32(Unginned),Jun,2018
Nanded,Varaxmi,Jun,2018
Nanded,Desi,Jun,2018
Nanded,Other,Jun,2018
Nanded,H-4(A) 27mm FIne,Jun,2018
Nanded,LRA,Jun,2018
Nanded,N-44,Jun,2018
Nanded,DCH-32(Unginned),Jun,2018
Akola,Varaxmi,Jun,2018
Akola,Desi,Jun,2018
Akola,Other,Jun,2018
Akola,H-4(A) 27mm FIne,Jun,2018
Akola,LRA,Jun,2018
Akola,N-44,Jun,2018
Akola,DCH-32(Unginned),Jun,2018
Aurangabad,Varaxmi,Jun,2018
Aurangabad,Desi,Jun,2018
Aurangabad,Other,Jun,2018
Aurangabad,H-4(A) 27mm FIne,Jun,2018
Aurangabad,LRA,Jun,2018
Aurangabad,N-44,Jun,2018
Aurangabad,DCH-32(Unginned),Jun,2018
Wardha,Varaxmi,Jul,2018
Wardha,Desi,Jul,2018
Wardha,Other,Jul,2018
Wardha,H-4(A) 27mm FIne,Jul,2018
Wardha,LRA,Jul,2018
Wardha,N-44,Jul,2018
Wardha,DCH-32(Unginned),Jul,2018
Nagpur,Varaxmi,Jul,2018
Nagpur,Desi,Jul,2018
Nagpur,Other,Jul,2018
Nagpur,H-4(A) 27mm FIne,Jul,2018
Nagpur,LRA,Jul,2018
Nagpur,N-44,Jul,2018
Nagpur,DCH-32(Unginned),Jul,2018
Yavatmal,Varaxmi,Jul,2018
Yavatmal,Desi,Jul,2018
Yavatmal,Other,Jul,2018
Yavatmal,H-4(A) 27mm FIne,Jul,2018
Yavatmal,LRA,Jul,2018
Yavatmal,N-44,Jul,2018
Yavatmal,DCH-32(Unginned),Jul,2018
Chandrapur,Varaxmi,Jul,2018
Chandrapur,Desi,Jul,2018
Chandrapur,Other,Jul,2018
Chandrapur,H-4(A) 27mm FIne,Jul,2018
Chandrapur,LRA,Jul,2018
Chandrapur,N-44,Jul,2018
Chandrapur,DCH-32(Unginned),Jul,2018
Parbhani,Varaxmi,Jul,2018
Parbhani,Desi,Jul,2018
Parbhani,Other,Jul,2018
Parbhani,H-4(A) 27mm FIne,Jul,2018
Parbhani,LRA,Jul,2018
Parbhani,N-44,Jul,2018
Parbhani,DCH-32(Unginned),Jul,2018
Amarawati,Varaxmi,Jul,2018
Amarawati,Desi,Jul,2018
Amarawati,Other,Jul,2018
Amarawati,H-4(A) 27mm FIne,Jul,2018
Amarawati,LRA,Jul,2018
Amarawati,N-44,Jul,2018
Amarawati,DCH-32(Unginned),Jul,2018
Jalana,Varaxmi,Jul,2018
Jalana,Desi,Jul,2018
Jalana,Other,Jul,2018
Jalana,H-4(A) 27mm FIne,Jul,2018
Jalana,LRA,Jul,2018
Jalana,N-44,Jul,2018
Jalana,DCH-32(Unginned),Jul,2018
Beed,Varaxmi,Jul,2018
Beed,Desi,Jul,2018
Beed,Other,Jul,2018
Beed,H-4(A) 27mm FIne,Jul,2018
Beed,LRA,Jul,2018
Beed,N-44,Jul,2018
Beed,DCH-32(Unginned),Jul,2018
Buldhana,Varaxmi,Jul,2018
Buldhana,Desi,Jul,2018
Buldhana,Other,Jul,2018
Buldhana,H-4(A) 27mm FIne,Jul,2018
Buldhana,LRA,Jul,2018
Buldhana,N-44,Jul,2018
Buldhana,DCH-32(Unginned),Jul,2018
Nanded,Varaxmi,Jul,2018
Nanded,Desi,Jul,2018
Nanded,Other,Jul,2018
Nanded,H-4(A) 27mm FIne,Jul,2018
Nanded,LRA,Jul,2018
Nanded,N-44,Jul,2018
Nanded,DCH-32(Unginned),Jul,2018
Akola,Varaxmi,Jul,2018
Akola,Desi,Jul,2018
Akola,Other,Jul,2018
Akola,H-4(A) 27mm FIne,Jul,2018
Akola,LRA,Jul,2018
Akola,N-44,Jul,2018
Akola,DCH-32(Unginned),Jul,2018
Aurangabad,Varaxmi,Jul,2018
Aurangabad,Desi,Jul,2018
Aurangabad,Other,Jul,2018
Aurangabad,H-4(A) 27mm FIne,Jul,2018
Aurangabad,LRA,Jul,2018
Aurangabad,N-44,Jul,2018
Aurangabad,DCH-32(Unginned),Jul,2018
Wardha,Varaxmi,Aug,2018
Wardha,Desi,Aug,2018
Wardha,Other,Aug,2018
Wardha,H-4(A) 27mm FIne,Aug,2018
Wardha,LRA,Aug,2018
Wardha,N-44,Aug,2018
Wardha,DCH-32(Unginned),Aug,2018
Nagpur,Varaxmi,Aug,2018
Nagpur,Desi,Aug,2018
Nagpur,Other,Aug,2018
Nagpur,H-4(A) 27mm FIne,Aug,2018
Nagpur,LRA,Aug,2018
Nagpur,N-44,Aug,2018
Nagpur,DCH-32(Unginned),Aug,2018
Yavatmal,Varaxmi,Aug,2018
Yavatmal,Desi,Aug,2018
Yavatmal,Other,Aug,2018
Yavatmal,H-4(A) 27mm FIne,Aug,2018
Yavatmal,LRA,Aug,2018
Yavatmal,N-44,Aug,2018
Yavatmal,DCH-32(Unginned),Aug,2018
Chandrapur,Varaxmi,Aug,2018
Chandrapur,Desi,Aug,2018
Chandrapur,Other,Aug,2018
Chandrapur,H-4(A) 27mm FIne,Aug,2018
Chandrapur,LRA,Aug,2018
Chandrapur,N-44,Aug,2018
Chandrapur,DCH-32(Unginned),Aug,2018
Parbhani,Varaxmi,Aug,2018
Parbhani,Desi,Aug,2018
Parbhani,Other,Aug,2018
Parbhani,H-4(A) 27mm FIne,Aug,2018
Parbhani,LRA,Aug,2018
Parbhani,N-44,Aug,2018
Parbhani,DCH-32(Unginned),Aug,2018
Amarawati,Varaxmi,Aug,2018
Amarawati,Desi,Aug,2018
Amarawati,Other,Aug,2018
Amarawati,H-4(A) 27mm FIne,Aug,2018
Amarawati,LRA,Aug,2018
Amarawati,N-44,Aug,2018
Amarawati,DCH-32(Unginned),Aug,2018
Jalana,Varaxmi,Aug,2018
Jalana,Desi,Aug,2018
Jalana,Other,Aug,2018
Jalana,H-4(A) 27mm FIne,Aug,2018
Jalana,LRA,Aug,2018
Jalana,N-44,Aug,2018
Jalana,DCH-32(Unginned),Aug,2018
Beed,Varaxmi,Aug,2018
Beed,Desi,Aug,2018
Beed,Other,Aug,2018
Beed,H-4(A) 27mm FIne,Aug,2018
Beed,LRA,Aug,2018
Beed,N-44,Aug,2018
Beed,DCH-32(Unginned),Aug,2018
Buldhana,Varaxmi,Aug,2018
Buldhana,Desi,Aug,2018
Buldhana,Other,Aug,2018
Buldhana,H-4(A) 27mm FIne,Aug,2018
Buldhana,LRA,Aug,2018
Buldhana,N-44,Aug,2018
Buldhana,DCH-32(Unginned),Aug,2018
Nanded,Varaxmi,Aug,2018
Nanded,Desi,Aug,2018
Nanded,Other,Aug,2018
Nanded,H-4(A) 27mm FIne,Aug,2018
Nanded,LRA,Aug,2018
Nanded,N-44,Aug,2018
Nanded,DCH-32(Unginned),Aug,2018
Akola,Varaxmi,Aug,2018
Akola,Desi,Aug,2018
Akola,Other,Aug,2018
Akola,H-4(A) 27mm FIne,Aug,2018
Akola,LRA,Aug,2018
Akola,N-44,Aug,2018
Akola,DCH-32(Unginned),Aug,2018
Aurangabad,Varaxmi,Aug,2018
Aurangabad,Desi,Aug,2018
Aurangabad,Other,Aug,2018
Aurangabad,H-4(A) 27mm FIne,Aug,2018
Aurangabad,LRA,Aug,2018
Aurangabad,N-44,Aug,2018
Aurangabad,DCH-32(Unginned),Aug,2018
Wardha,Varaxmi,Sep,2018
Wardha,Desi,Sep,2018
Wardha,Other,Sep,2018
Wardha,H-4(A) 27mm FIne,Sep,2018
Wardha,LRA,Sep,2018
Wardha,N-44,Sep,2018
Wardha,DCH-32(Unginned),Sep,2018
Nagpur,Varaxmi,Sep,2018
Nagpur,Desi,Sep,2018
Nagpur,Other,Sep,2018
Nagpur,H-4(A) 27mm FIne,Sep,2018
Nagpur,LRA,Sep,2018
Nagpur,N-44,Sep,2018
Nagpur,DCH-32(Unginned),Sep,2018
Yavatmal,Varaxmi,Sep,2018
Yavatmal,Desi,Sep,2018
Yavatmal,Other,Sep,2018
Yavatmal,H-4(A) 27mm FIne,Sep,2018
Yavatmal,LRA,Sep,2018
Yavatmal,N-44,Sep,2018
Yavatmal,DCH-32(Unginned),Sep,2018
Chandrapur,Varaxmi,Sep,2018
Chandrapur,Desi,Sep,2018
Chandrapur,Other,Sep,2018
Chandrapur,H-4(A) 27mm FIne,Sep,2018
Chandrapur,LRA,Sep,2018
Chandrapur,N-44,Sep,2018
Chandrapur,DCH-32(Unginned),Sep,2018
Parbhani,Varaxmi,Sep,2018
Parbhani,Desi,Sep,2018
Parbhani,Other,Sep,2018
Parbhani,H-4(A) 27mm FIne,Sep,2018
Parbhani,LRA,Sep,2018
Parbhani,N-44,Sep,2018
Parbhani,DCH-32(Unginned),Sep,2018
Amarawati,Varaxmi,Sep,2018
Amarawati,Desi,Sep,2018
Amarawati,Other,Sep,2018
Amarawati,H-4(A) 27mm FIne,Sep,2018
Amarawati,LRA,Sep,2018
Amarawati,N-44,Sep,2018
Amarawati,DCH-32(Unginned),Sep,2018
Jalana,Varaxmi,Sep,2018
Jalana,Desi,Sep,2018
Jalana,Other,Sep,2018
Jalana,H-4(A) 27mm FIne,Sep,2018
Jalana,LRA,Sep,2018
Jalana,N-44,Sep,2018
Jalana,DCH-32(Unginned),Sep,2018
Beed,Varaxmi,Sep,2018
Beed,Desi,Sep,2018
Beed,Other,Sep,2018
Beed,H-4(A) 27mm FIne,Sep,2018
Beed,LRA,Sep,2018
Beed,N-44,Sep,2018
Beed,DCH-32(Unginned),Sep,2018
Buldhana,Varaxmi,Sep,2018
Buldhana,Desi,Sep,2018
Buldhana,Other,Sep,2018
Buldhana,H-4(A) 27mm FIne,Sep,2018
Buldhana,LRA,Sep,2018
Buldhana,N-44,Sep,2018
Buldhana,DCH-32(Unginned),Sep,2018
Nanded,Varaxmi,Sep,2018
Nanded,Desi,Sep,2018
Nanded,Other,Sep,2018
Nanded,H-4(A) 27mm FIne,Sep,2018
Nanded,LRA,Sep,2018
Nanded,N-44,Sep,2018
Nanded,DCH-32(Unginned),Sep,2018
Akola,Varaxmi,Sep,2018
Akola,Desi,Sep,2018
Akola,Other,Sep,2018
Akola,H-4(A) 27mm FIne,Sep,2018
Akola,LRA,Sep,2018
Akola,N-44,Sep,2018
Akola,DCH-32(Unginned),Sep,2018
Aurangabad,Varaxmi,Sep,2018
Aurangabad,Desi,Sep,2018
Aurangabad,Other,Sep,2018
Aurangabad,H-4(A) 27mm FIne,Sep,2018
Aurangabad,LRA,Sep,2018
Aurangabad,N-44,Sep,2018
Aurangabad,DCH-32(Unginned),Sep,2018
Wardha,Varaxmi,Oct,2018
Wardha,Desi,Oct,2018
Wardha,Other,Oct,2018
Wardha,H-4(A) 27mm FIne,Oct,2018
Wardha,LRA,Oct,2018
Wardha,N-44,Oct,2018
Wardha,DCH-32(Unginned),Oct,2018
Nagpur,Varaxmi,Oct,2018
Nagpur,Desi,Oct,2018
Nagpur,Other,Oct,2018
Nagpur,H-4(A) 27mm FIne,Oct,2018
Nagpur,LRA,Oct,2018
Nagpur,N-44,Oct,2018
Nagpur,DCH-32(Unginned),Oct,2018
Yavatmal,Varaxmi,Oct,2018
Yavatmal,Desi,Oct,2018
Yavatmal,Other,Oct,2018
Yavatmal,H-4(A) 27mm FIne,Oct,2018
Yavatmal,LRA,Oct,2018
Yavatmal,N-44,Oct,2018
Yavatmal,DCH-32(Unginned),Oct,2018
Chandrapur,Varaxmi,Oct,2018
Chandrapur,Desi,Oct,2018
Chandrapur,Other,Oct,2018
Chandrapur,H-4(A) 27mm FIne,Oct,2018
Chandrapur,LRA,Oct,2018
Chandrapur,N-44,Oct,2018
Chandrapur,DCH-32(Unginned),Oct,2018
Parbhani,Varaxmi,Oct,2018
Parbhani,Desi,Oct,2018
Parbhani,Other,Oct,2018
Parbhani,H-4(A) 27mm FIne,Oct,2018
Parbhani,LRA,Oct,2018
Parbhani,N-44,Oct,2018
Parbhani,DCH-32(Unginned),Oct,2018
Amarawati,Varaxmi,Oct,2018
Amarawati,Desi,Oct,2018
Amarawati,Other,Oct,2018
Amarawati,H-4(A) 27mm FIne,Oct,2018
Amarawati,LRA,Oct,2018
Amarawati,N-44,Oct,2018
Amarawati,DCH-32(Unginned),Oct,2018
Jalana,Varaxmi,Oct,2018
Jalana,Desi,Oct,2018
Jalana,Other,Oct,2018
Jalana,H-4(A) 27mm FIne,Oct,2018
Jalana,LRA,Oct,2018
Jalana,N-44,Oct,2018
Jalana,DCH-32(Unginned),Oct,2018
Beed,Varaxmi,Oct,2018
Beed,Desi,Oct,2018
Beed,Other,Oct,2018
Beed,H-4(A) 27mm FIne,Oct,2018
Beed,LRA,Oct,2018
Beed,N-44,Oct,2018
Beed,DCH-32(Unginned),Oct,2018
Buldhana,Varaxmi,Oct,2018
Buldhana,Desi,Oct,2018
Buldhana,Other,Oct,2018
Buldhana,H-4(A) 27mm FIne,Oct,2018
Buldhana,LRA,Oct,2018
Buldhana,N-44,Oct,2018
Buldhana,DCH-32(Unginned),Oct,2018
Nanded,Varaxmi,Oct,2018
Nanded,Desi,Oct,2018
Nanded,Other,Oct,2018
Nanded,H-4(A) 27mm FIne,Oct,2018
Nanded,LRA,Oct,2018
Nanded,N-44,Oct,2018
Nanded,DCH-32(Unginned),Oct,2018
Akola,Varaxmi,Oct,2018
Akola,Desi,Oct,2018
Akola,Other,Oct,2018
Akola,H-4(A) 27mm FIne,Oct,2018
Akola,LRA,Oct,2018
Akola,N-44,Oct,2018
Akola,DCH-32(Unginned),Oct,2018
Aurangabad,Varaxmi,Oct,2018
Aurangabad,Desi,Oct,2018
Aurangabad,Other,Oct,2018
Aurangabad,H-4(A) 27mm FIne,Oct,2018
Aurangabad,LRA,Oct,2018
Aurangabad,N-44,Oct,2018
Aurangabad,DCH-32(Unginned),Oct,2018
Wardha,Varaxmi,Nov,2018
Wardha,Desi,Nov,2018
Wardha,Other,Nov,2018
Wardha,H-4(A) 27mm FIne,Nov,2018
Wardha,LRA,Nov,2018
Wardha,N-44,Nov,2018
Wardha,DCH-32(Unginned),Nov,2018
Nagpur,Varaxmi,Nov,2018
Nagpur,Desi,Nov,2018
Nagpur,Other,Nov,2018
Nagpur,H-4(A) 27mm FIne,Nov,2018
Nagpur,LRA,Nov,2018
Nagpur,N-44,Nov,2018
Nagpur,DCH-32(Unginned),Nov,2018
Yavatmal,Varaxmi,Nov,2018
Yavatmal,Desi,Nov,2018
Yavatmal,Other,Nov,2018
Yavatmal,H-4(A) 27mm FIne,Nov,2018
Yavatmal,LRA,Nov,2018
Yavatmal,N-44,Nov,2018
Yavatmal,DCH-32(Unginned),Nov,2018
Chandrapur,Varaxmi,Nov,2018
Chandrapur,Desi,Nov,2018
Chandrapur,Other,Nov,2018
Chandrapur,H-4(A) 27mm FIne,Nov,2018
Chandrapur,LRA,Nov,2018
Chandrapur,N-44,Nov,2018
Chandrapur,DCH-32(Unginned),Nov,2018
Parbhani,Varaxmi,Nov,2018
Parbhani,Desi,Nov,2018
Parbhani,Other,Nov,2018
Parbhani,H-4(A) 27mm FIne,Nov,2018
Parbhani,LRA,Nov,2018
Parbhani,N-44,Nov,2018
Parbhani,DCH-32(Unginned),Nov,2018
Amarawati,Varaxmi,Nov,2018
Amarawati,Desi,Nov,2018
Amarawati,Other,Nov,2018
Amarawati,H-4(A) 27mm FIne,Nov,2018
Amarawati,LRA,Nov,2018
Amarawati,N-44,Nov,2018
Amarawati,DCH-32(Unginned),Nov,2018
Jalana,Varaxmi,Nov,2018
Jalana,Desi,Nov,2018
Jalana,Other,Nov,2018
Jalana,H-4(A) 27mm FIne,Nov,2018
Jalana,LRA,Nov,2018
Jalana,N-44,Nov,2018
Jalana,DCH-32(Unginned),Nov,2018
Beed,Varaxmi,Nov,2018
Beed,Desi,Nov,2018
Beed,Other,Nov,2018
Beed,H-4(A) 27mm FIne,Nov,2018
Beed,LRA,Nov,2018
Beed,N-44,Nov,2018
Beed,DCH-32(Unginned),Nov,2018
Buldhana,Varaxmi,Nov,2018
Buldhana,Desi,Nov,2018
Buldhana,Other,Nov,2018
Buldhana,H-4(A) 27mm FIne,Nov,2018
Buldhana,LRA,Nov,2018
Buldhana,N-44,Nov,2018
Buldhana,DCH-32(Unginned),Nov,2018
Nanded,Varaxmi,Nov,2018
Nanded,Desi,Nov,2018
Nanded,Other,Nov,2018
Nanded,H-4(A) 27mm FIne,Nov,2018
Nanded,LRA,Nov,2018
Nanded,N-44,Nov,2018
Nanded,DCH-32(Unginned),Nov,2018
Akola,Varaxmi,Nov,2018
Akola,Desi,Nov,2018
Akola,Other,Nov,2018
Akola,H-4(A) 27mm FIne,Nov,2018
Akola,LRA,Nov,2018
Akola,N-44,Nov,2018
Akola,DCH-32(Unginned),Nov,2018
Aurangabad,Varaxmi,Nov,2018
Aurangabad,Desi,Nov,2018
Aurangabad,Other,Nov,2018
Aurangabad,H-4(A) 27mm FIne,Nov,2018
Aurangabad,LRA,Nov,2018
Aurangabad,N-44,Nov,2018
Aurangabad,DCH-32(Unginned),Nov,2018
Wardha,Varaxmi,Dec,2018
Wardha,Desi,Dec,2018
Wardha,Other,Dec,2018
Wardha,H-4(A) 27mm FIne,Dec,2018
Wardha,LRA,Dec,2018
Wardha,N-44,Dec,2018
Wardha,DCH-32(Unginned),Dec,2018
Nagpur,Varaxmi,Dec,2018
Nagpur,Desi,Dec,2018
Nagpur,Other,Dec,2018
Nagpur,H-4(A) 27mm FIne,Dec,2018
Nagpur,LRA,Dec,2018
Nagpur,N-44,Dec,2018
Nagpur,DCH-32(Unginned),Dec,2018
Yavatmal,Varaxmi,Dec,2018
Yavatmal,Desi,Dec,2018
Yavatmal,Other,Dec,2018
Yavatmal,H-4(A) 27mm FIne,Dec,2018
Yavatmal,LRA,Dec,2018
Yavatmal,N-44,Dec,2018
Yavatmal,DCH-32(Unginned),Dec,2018
Chandrapur,Varaxmi,Dec,2018
Chandrapur,Desi,Dec,2018
Chandrapur,Other,Dec,2018
Chandrapur,H-4(A) 27mm FIne,Dec,2018
Chandrapur,LRA,Dec,2018
Chandrapur,N-44,Dec,2018
Chandrapur,DCH-32(Unginned),Dec,2018
Parbhani,Varaxmi,Dec,2018
Parbhani,Desi,Dec,2018
Parbhani,Other,Dec,2018
Parbhani,H-4(A) 27mm FIne,Dec,2018
Parbhani,LRA,Dec,2018
Parbhani,N-44,Dec,2018
Parbhani,DCH-32(Unginned),Dec,2018
Amarawati,Varaxmi,Dec,2018
Amarawati,Desi,Dec,2018
Amarawati,Other,Dec,2018
Amarawati,H-4(A) 27mm FIne,Dec,2018
Amarawati,LRA,Dec,2018
Amarawati,N-44,Dec,2018
Amarawati,DCH-32(Unginned),Dec,2018
Jalana,Varaxmi,Dec,2018
Jalana,Desi,Dec,2018
Jalana,Other,Dec,2018
Jalana,H-4(A) 27mm FIne,Dec,2018
Jalana,LRA,Dec,2018
Jalana,N-44,Dec,2018
Jalana,DCH-32(Unginned),Dec,2018
Beed,Varaxmi,Dec,2018
Beed,Desi,Dec,2018
Beed,Other,Dec,2018
Beed,H-4(A) 27mm FIne,Dec,2018
Beed,LRA,Dec,2018
Beed,N-44,Dec,2018
Beed,DCH-32(Unginned),Dec,2018
Buldhana,Varaxmi,Dec,2018
Buldhana,Desi,Dec,2018
Buldhana,Other,Dec,2018
Buldhana,H-4(A) 27mm FIne,Dec,2018
Buldhana,LRA,Dec,2018
Buldhana,N-44,Dec,2018
Buldhana,DCH-32(Unginned),Dec,2018
Nanded,Varaxmi,Dec,2018
Nanded,Desi,Dec,2018
Nanded,Other,Dec,2018
Nanded,H-4(A) 27mm FIne,Dec,2018
Nanded,LRA,Dec,2018
Nanded,N-44,Dec,2018
Nanded,DCH-32(Unginned),Dec,2018
Akola,Varaxmi,Dec,2018
Akola,Desi,Dec,2018
Akola,Other,Dec,2018
Akola,H-4(A) 27mm FIne,Dec,2018
Akola,LRA,Dec,2018
Akola,N-44,Dec,2018
Akola,DCH-32(Unginned),Dec,2018
Aurangabad,Varaxmi,Dec,2018
Aurangabad,Desi,Dec,2018
Aurangabad,Other,Dec,2018
Aurangabad,H-4(A) 27mm FIne,Dec,2018
Aurangabad,LRA,Dec,2018
Aurangabad,N-44,Dec,2018
Aurangabad,DCH-32(Unginned),Dec,2018
Jalgaon,Varaxmi,Jan,2019
Jalgaon,Desi,Jan,2019
Jalgaon,Other,Jan,2019
Jalgaon,H-4(A) 27mm FIne,Jan,2019
Jalgaon,LRA,Jan,2019
Jalgaon,N-44,Jan,2019
Jalgaon,DCH-32(Unginned),Jan,2019
Hingoli,Varaxmi,Jan,2019
Hingoli,Desi,Jan,2019
Hingoli,Other,Jan,2019
Hingoli,H-4(A) 27mm FIne,Jan,2019
Hingoli,LRA,Jan,2019
Hingoli,N-44,Jan,2019
Hingoli,DCH-32(Unginned),Jan,2019
Vashim,Varaxmi,Jan,2019
Vashim,Desi,Jan,2019
Vashim,Other,Jan,2019
Vashim,H-4(A) 27mm FIne,Jan,2019
Vashim,LRA,Jan,2019
Vashim,N-44,Jan,2019
Vashim,DCH-32(Unginned),Jan,2019
Gadchiroli,Varaxmi,Jan,2019
Gadchiroli,Desi,Jan,2019
Gadchiroli,Other,Jan,2019
Gadchiroli,H-4(A) 27mm FIne,Jan,2019
Gadchiroli,LRA,Jan,2019
Gadchiroli,N-44,Jan,2019
Gadchiroli,DCH-32(Unginned),Jan,2019
Nandurbar,Varaxmi,Jan,2019
Nandurbar,Desi,Jan,2019
Nandurbar,Other,Jan,2019
Nandurbar,H-4(A) 27mm FIne,Jan,2019
Nandurbar,LRA,Jan,2019
Nandurbar,N-44,Jan,2019
Nandurbar,DCH-32(Unginned),Jan,2019
Ahmednagar,Varaxmi,Jan,2019
Ahmednagar,Desi,Jan,2019
Ahmednagar,Other,Jan,2019
Ahmednagar,H-4(A) 27mm FIne,Jan,2019
Ahmednagar,LRA,Jan,2019
Ahmednagar,N-44,Jan,2019
Ahmednagar,DCH-32(Unginned),Jan,2019
Jalgaon,Varaxmi,Feb,2019
Jalgaon,Desi,Feb,2019
Jalgaon,Other,Feb,2019
Jalgaon,H-4(A) 27mm FIne,Feb,2019
Jalgaon,LRA,Feb,2019
Jalgaon,N-44,Feb,2019
Jalgaon,DCH-32(Unginned),Feb,2019
Hingoli,Varaxmi,Feb,2019
Hingoli,Desi,Feb,2019
Hingoli,Other,Feb,2019
Hingoli,H-4(A) 27mm FIne,Feb,2019
Hingoli,LRA,Feb,2019
Hingoli,N-44,Feb,2019
Hingoli,DCH-32(Unginned),Feb,2019
Vashim,Varaxmi,Feb,2019
Vashim,Desi,Feb,2019
Vashim,Other,Feb,2019
Vashim,H-4(A) 27mm FIne,Feb,2019
Vashim,LRA,Feb,2019
Vashim,N-44,Feb,2019
Vashim,DCH-32(Unginned),Feb,2019
Gadchiroli,Varaxmi,Feb,2019
Gadchiroli,Desi,Feb,2019
Gadchiroli,Other,Feb,2019
Gadchiroli,H-4(A) 27mm FIne,Feb,2019
Gadchiroli,LRA,Feb,2019
Gadchiroli,N-44,Feb,2019
Gadchiroli,DCH-32(Unginned),Feb,2019
Nandurbar,Varaxmi,Feb,2019
Nandurbar,Desi,Feb,2019
Nandurbar,Other,Feb,2019
Nandurbar,H-4(A) 27mm FIne,Feb,2019
Nandurbar,LRA,Feb,2019
Nandurbar,N-44,Feb,2019
Nandurbar,DCH-32(Unginned),Feb,2019
Ahmednagar,Varaxmi,Feb,2019
Ahmednagar,Desi,Feb,2019
Ahmednagar,Other,Feb,2019
Ahmednagar,H-4(A) 27mm FIne,Feb,2019
Ahmednagar,LRA,Feb,2019
Ahmednagar,N-44,Feb,2019
Ahmednagar,DCH-32(Unginned),Feb,2019
Jalgaon,Varaxmi,Mar,2019
Jalgaon,Desi,Mar,2019
Jalgaon,Other,Mar,2019
Jalgaon,H-4(A) 27mm FIne,Mar,2019
Jalgaon,LRA,Mar,2019
Jalgaon,N-44,Mar,2019
Jalgaon,DCH-32(Unginned),Mar,2019
Hingoli,Varaxmi,Mar,2019
Hingoli,Desi,Mar,2019
Hingoli,Other,Mar,2019
Hingoli,H-4(A) 27mm FIne,Mar,2019
Hingoli,LRA,Mar,2019
Hingoli,N-44,Mar,2019
Hingoli,DCH-32(Unginned),Mar,2019
Vashim,Varaxmi,Mar,2019
Vashim,Desi,Mar,2019
Vashim,Other,Mar,2019
Vashim,H-4(A) 27mm FIne,Mar,2019
Vashim,LRA,Mar,2019
Vashim,N-44,Mar,2019
Vashim,DCH-32(Unginned),Mar,2019
Gadchiroli,Varaxmi,Mar,2019
Gadchiroli,Desi,Mar,2019
Gadchiroli,Other,Mar,2019
Gadchiroli,H-4(A) 27mm FIne,Mar,2019
Gadchiroli,LRA,Mar,2019
Gadchiroli,N-44,Mar,2019
Gadchiroli,DCH-32(Unginned),Mar,2019
Nandurbar,Varaxmi,Mar,2019
Nandurbar,Desi,Mar,2019
Nandurbar,Other,Mar,2019
Nandurbar,H-4(A) 27mm FIne,Mar,2019
Nandurbar,LRA,Mar,2019
Nandurbar,N-44,Mar,2019
Nandurbar,DCH-32(Unginned),Mar,2019
Ahmednagar,Varaxmi,Mar,2019
Ahmednagar,Desi,Mar,2019
Ahmednagar,Other,Mar,2019
Ahmednagar,H-4(A) 27mm FIne,Mar,2019
Ahmednagar,LRA,Mar,2019
Ahmednagar,N-44,Mar,2019
Ahmednagar,DCH-32(Unginned),Mar,2019
Jalgaon,Varaxmi,Apr,2019
Jalgaon,Desi,Apr,2019
Jalgaon,Other,Apr,2019
Jalgaon,H-4(A) 27mm FIne,Apr,2019
Jalgaon,LRA,Apr,2019
Jalgaon,N-44,Apr,2019
Jalgaon,DCH-32(Unginned),Apr,2019
Hingoli,Varaxmi,Apr,2019
Hingoli,Desi,Apr,2019
Hingoli,Other,Apr,2019
Hingoli,H-4(A) 27mm FIne,Apr,2019
Hingoli,LRA,Apr,2019
Hingoli,N-44,Apr,2019
Hingoli,DCH-32(Unginned),Apr,2019
Vashim,Varaxmi,Apr,2019
Vashim,Desi,Apr,2019
Vashim,Other,Apr,2019
Vashim,H-4(A) 27mm FIne,Apr,2019
Vashim,LRA,Apr,2019
Vashim,N-44,Apr,2019
Vashim,DCH-32(Unginned),Apr,2019
Gadchiroli,Varaxmi,Apr,2019
Gadchiroli,Desi,Apr,2019
Gadchiroli,Other,Apr,2019
Gadchiroli,H-4(A) 27mm FIne,Apr,2019
Gadchiroli,LRA,Apr,2019
Gadchiroli,N-44,Apr,2019
Gadchiroli,DCH-32(Unginned),Apr,2019
Nandurbar,Varaxmi,Apr,2019
Nandurbar,Desi,Apr,2019
Nandurbar,Other,Apr,2019
Nandurbar,H-4(A) 27mm FIne,Apr,2019
Nandurbar,LRA,Apr,2019
Nandurbar,N-44,Apr,2019
Nandurbar,DCH-32(Unginned),Apr,2019
Ahmednagar,Varaxmi,Apr,2019
Ahmednagar,Desi,Apr,2019
Ahmednagar,Other,Apr,2019
Ahmednagar,H-4(A) 27mm FIne,Apr,2019
Ahmednagar,LRA,Apr,2019
Ahmednagar,N-44,Apr,2019
Ahmednagar,DCH-32(Unginned),Apr,2019
Jalgaon,Varaxmi,May,2019
Jalgaon,Desi,May,2019
Jalgaon,Other,May,2019
Jalgaon,H-4(A) 27mm FIne,May,2019
Jalgaon,LRA,May,2019
Jalgaon,N-44,May,2019
Jalgaon,DCH-32(Unginned),May,2019
Hingoli,Varaxmi,May,2019
Hingoli,Desi,May,2019
Hingoli,Other,May,2019
Hingoli,H-4(A) 27mm FIne,May,2019
Hingoli,LRA,May,2019
Hingoli,N-44,May,2019
Hingoli,DCH-32(Unginned),May,2019
Vashim,Varaxmi,May,2019
Vashim,Desi,May,2019
Vashim,Other,May,2019
Vashim,H-4(A) 27mm FIne,May,2019
Vashim,LRA,May,2019
Vashim,N-44,May,2019
Vashim,DCH-32(Unginned),May,2019
Gadchiroli,Varaxmi,May,2019
Gadchiroli,Desi,May,2019
Gadchiroli,Other,May,2019
Gadchiroli,H-4(A) 27mm FIne,May,2019
Gadchiroli,LRA,May,2019
Gadchiroli,N-44,May,2019
Gadchiroli,DCH-32(Unginned),May,2019
Nandurbar,Varaxmi,May,2019
Nandurbar,Desi,May,2019
Nandurbar,Other,May,2019
Nandurbar,H-4(A) 27mm FIne,May,2019
Nandurbar,LRA,May,2019
Nandurbar,N-44,May,2019
Nandurbar,DCH-32(Unginned),May,2019
Ahmednagar,Varaxmi,May,2019
Ahmednagar,Desi,May,2019
Ahmednagar,Other,May,2019
Ahmednagar,H-4(A) 27mm FIne,May,2019
Ahmednagar,LRA,May,2019
Ahmednagar,N-44,May,2019
Ahmednagar,DCH-32(Unginned),May,2019
Jalgaon,Varaxmi,Jun,2019
Jalgaon,Desi,Jun,2019
Jalgaon,Other,Jun,2019
Jalgaon,H-4(A) 27mm FIne,Jun,2019
Jalgaon,LRA,Jun,2019
Jalgaon,N-44,Jun,2019
Jalgaon,DCH-32(Unginned),Jun,2019
Hingoli,Varaxmi,Jun,2019
Hingoli,Desi,Jun,2019
Hingoli,Other,Jun,2019
Hingoli,H-4(A) 27mm FIne,Jun,2019
Hingoli,LRA,Jun,2019
Hingoli,N-44,Jun,2019
Hingoli,DCH-32(Unginned),Jun,2019
Vashim,Varaxmi,Jun,2019
Vashim,Desi,Jun,2019
Vashim,Other,Jun,2019
Vashim,H-4(A) 27mm FIne,Jun,2019
Vashim,LRA,Jun,2019
Vashim,N-44,Jun,2019
Vashim,DCH-32(Unginned),Jun,2019
Gadchiroli,Varaxmi,Jun,2019
Gadchiroli,Desi,Jun,2019
Gadchiroli,Other,Jun,2019
Gadchiroli,H-4(A) 27mm FIne,Jun,2019
Gadchiroli,LRA,Jun,2019
Gadchiroli,N-44,Jun,2019
Gadchiroli,DCH-32(Unginned),Jun,2019
Nandurbar,Varaxmi,Jun,2019
Nandurbar,Desi,Jun,2019
Nandurbar,Other,Jun,2019
Nandurbar,H-4(A) 27mm FIne,Jun,2019
Nandurbar,LRA,Jun,2019
Nandurbar,N-44,Jun,2019
Nandurbar,DCH-32(Unginned),Jun,2019
Ahmednagar,Varaxmi,Jun,2019
Ahmednagar,Desi,Jun,2019
Ahmednagar,Other,Jun,2019
Ahmednagar,H-4(A) 27mm FIne,Jun,2019
Ahmednagar,LRA,Jun,2019
Ahmednagar,N-44,Jun,2019
Ahmednagar,DCH-32(Unginned),Jun,2019
Jalgaon,Varaxmi,Jul,2019
Jalgaon,Desi,Jul,2019
Jalgaon,Other,Jul,2019
Jalgaon,H-4(A) 27mm FIne,Jul,2019
Jalgaon,LRA,Jul,2019
Jalgaon,N-44,Jul,2019
Jalgaon,DCH-32(Unginned),Jul,2019
Hingoli,Varaxmi,Jul,2019
Hingoli,Desi,Jul,2019
Hingoli,Other,Jul,2019
Hingoli,H-4(A) 27mm FIne,Jul,2019
Hingoli,LRA,Jul,2019
Hingoli,N-44,Jul,2019
Hingoli,DCH-32(Unginned),Jul,2019
Vashim,Varaxmi,Jul,2019
Vashim,Desi,Jul,2019
Vashim,Other,Jul,2019
Vashim,H-4(A) 27mm FIne,Jul,2019
Vashim,LRA,Jul,2019
Vashim,N-44,Jul,2019
Vashim,DCH-32(Unginned),Jul,2019
Gadchiroli,Varaxmi,Jul,2019
Gadchiroli,Desi,Jul,2019
Gadchiroli,Other,Jul,2019
Gadchiroli,H-4(A) 27mm FIne,Jul,2019
Gadchiroli,LRA,Jul,2019
Gadchiroli,N-44,Jul,2019
Gadchiroli,DCH-32(Unginned),Jul,2019
Nandurbar,Varaxmi,Jul,2019
Nandurbar,Desi,Jul,2019
Nandurbar,Other,Jul,2019
Nandurbar,H-4(A) 27mm FIne,Jul,2019
Nandurbar,LRA,Jul,2019
Nandurbar,N-44,Jul,2019
Nandurbar,DCH-32(Unginned),Jul,2019
Ahmednagar,Varaxmi,Jul,2019
Ahmednagar,Desi,Jul,2019
Ahmednagar,Other,Jul,2019
Ahmednagar,H-4(A) 27mm FIne,Jul,2019
Ahmednagar,LRA,Jul,2019
Ahmednagar,N-44,Jul,2019
Ahmednagar,DCH-32(Unginned),Jul,2019
Jalgaon,Varaxmi,Aug,2019
Jalgaon,Desi,Aug,2019
Jalgaon,Other,Aug,2019
Jalgaon,H-4(A) 27mm FIne,Aug,2019
Jalgaon,LRA,Aug,2019
Jalgaon,N-44,Aug,2019
Jalgaon,DCH-32(Unginned),Aug,2019
Hingoli,Varaxmi,Aug,2019
Hingoli,Desi,Aug,2019
Hingoli,Other,Aug,2019
Hingoli,H-4(A) 27mm FIne,Aug,2019
Hingoli,LRA,Aug,2019
Hingoli,N-44,Aug,2019
Hingoli,DCH-32(Unginned),Aug,2019
Vashim,Varaxmi,Aug,2019
Vashim,Desi,Aug,2019
Vashim,Other,Aug,2019
Vashim,H-4(A) 27mm FIne,Aug,2019
Vashim,LRA,Aug,2019
Vashim,N-44,Aug,2019
Vashim,DCH-32(Unginned),Aug,2019
Gadchiroli,Varaxmi,Aug,2019
Gadchiroli,Desi,Aug,2019
Gadchiroli,Other,Aug,2019
Gadchiroli,H-4(A) 27mm FIne,Aug,2019
Gadchiroli,LRA,Aug,2019
Gadchiroli,N-44,Aug,2019
Gadchiroli,DCH-32(Unginned),Aug,2019
Nandurbar,Varaxmi,Aug,2019
Nandurbar,Desi,Aug,2019
Nandurbar,Other,Aug,2019
Nandurbar,H-4(A) 27mm FIne,Aug,2019
Nandurbar,LRA,Aug,2019
Nandurbar,N-44,Aug,2019
Nandurbar,DCH-32(Unginned),Aug,2019
Ahmednagar,Varaxmi,Aug,2019
Ahmednagar,Desi,Aug,2019
Ahmednagar,Other,Aug,2019
Ahmednagar,H-4(A) 27mm FIne,Aug,2019
Ahmednagar,LRA,Aug,2019
Ahmednagar,N-44,Aug,2019
Ahmednagar,DCH-32(Unginned),Aug,2019
Jalgaon,Varaxmi,Sep,2019
Jalgaon,Desi,Sep,2019
Jalgaon,Other,Sep,2019
Jalgaon,H-4(A) 27mm FIne,Sep,2019
Jalgaon,LRA,Sep,2019
Jalgaon,N-44,Sep,2019
Jalgaon,DCH-32(Unginned),Sep,2019
Hingoli,Varaxmi,Sep,2019
Hingoli,Desi,Sep,2019
Hingoli,Other,Sep,2019
Hingoli,H-4(A) 27mm FIne,Sep,2019
Hingoli,LRA,Sep,2019
Hingoli,N-44,Sep,2019
Hingoli,DCH-32(Unginned),Sep,2019
Vashim,Varaxmi,Sep,2019
Vashim,Desi,Sep,2019
Vashim,Other,Sep,2019
Vashim,H-4(A) 27mm FIne,Sep,2019
Vashim,LRA,Sep,2019
Vashim,N-44,Sep,2019
Vashim,DCH-32(Unginned),Sep,2019
Gadchiroli,Varaxmi,Sep,2019
Gadchiroli,Desi,Sep,2019
Gadchiroli,Other,Sep,2019
Gadchiroli,H-4(A) 27mm FIne,Sep,2019
Gadchiroli,LRA,Sep,2019
Gadchiroli,N-44,Sep,2019
Gadchiroli,DCH-32(Unginned),Sep,2019
Nandurbar,Varaxmi,Sep,2019
Nandurbar,Desi,Sep,2019
Nandurbar,Other,Sep,2019
Nandurbar,H-4(A) 27mm FIne,Sep,2019
Nandurbar,LRA,Sep,2019
Nandurbar,N-44,Sep,2019
Nandurbar,DCH-32(Unginned),Sep,2019
Ahmednagar,Varaxmi,Sep,2019
Ahmednagar,Desi,Sep,2019
Ahmednagar,Other,Sep,2019
Ahmednagar,H-4(A) 27mm FIne,Sep,2019
Ahmednagar,LRA,Sep,2019
Ahmednagar,N-44,Sep,2019
Ahmednagar,DCH-32(Unginned),Sep,2019
Jalgaon,Varaxmi,Oct,2019
Jalgaon,Desi,Oct,2019
Jalgaon,Other,Oct,2019
Jalgaon,H-4(A) 27mm FIne,Oct,2019
Jalgaon,LRA,Oct,2019
Jalgaon,N-44,Oct,2019
Jalgaon,DCH-32(Unginned),Oct,2019
Hingoli,Varaxmi,Oct,2019
Hingoli,Desi,Oct,2019
Hingoli,Other,Oct,2019
Hingoli,H-4(A) 27mm FIne,Oct,2019
Hingoli,LRA,Oct,2019
Hingoli,N-44,Oct,2019
Hingoli,DCH-32(Unginned),Oct,2019
Vashim,Varaxmi,Oct,2019
Vashim,Desi,Oct,2019
Vashim,Other,Oct,2019
Vashim,H-4(A) 27mm FIne,Oct,2019
Vashim,LRA,Oct,2019
Vashim,N-44,Oct,2019
Vashim,DCH-32(Unginned),Oct,2019
Gadchiroli,Varaxmi,Oct,2019
Gadchiroli,Desi,Oct,2019
Gadchiroli,Other,Oct,2019
Gadchiroli,H-4(A) 27mm FIne,Oct,2019
Gadchiroli,LRA,Oct,2019
Gadchiroli,N-44,Oct,2019
Gadchiroli,DCH-32(Unginned),Oct,2019
Nandurbar,Varaxmi,Oct,2019
Nandurbar,Desi,Oct,2019
Nandurbar,Other,Oct,2019
Nandurbar,H-4(A) 27mm FIne,Oct,2019
Nandurbar,LRA,Oct,2019
Nandurbar,N-44,Oct,2019
Nandurbar,DCH-32(Unginned),Oct,2019
Ahmednagar,Varaxmi,Oct,2019
Ahmednagar,Desi,Oct,2019
Ahmednagar,Other,Oct,2019
Ahmednagar,H-4(A) 27mm FIne,Oct,2019
Ahmednagar,LRA,Oct,2019
Ahmednagar,N-44,Oct,2019
Ahmednagar,DCH-32(Unginned),Oct,2019
Jalgaon,Varaxmi,Nov,2019
Jalgaon,Desi,Nov,2019
Jalgaon,Other,Nov,2019
Jalgaon,H-4(A) 27mm FIne,Nov,2019
Jalgaon,LRA,Nov,2019
Jalgaon,N-44,Nov,2019
Jalgaon,DCH-32(Unginned),Nov,2019
Hingoli,Varaxmi,Nov,2019
Hingoli,Desi,Nov,2019
Hingoli,Other,Nov,2019
Hingoli,H-4(A) 27mm FIne,Nov,2019
Hingoli,LRA,Nov,2019
Hingoli,N-44,Nov,2019
Hingoli,DCH-32(Unginned),Nov,2019
Vashim,Varaxmi,Nov,2019
Vashim,Desi,Nov,2019
Vashim,Other,Nov,2019
Vashim,H-4(A) 27mm FIne,Nov,2019
Vashim,LRA,Nov,2019
Vashim,N-44,Nov,2019
Vashim,DCH-32(Unginned),Nov,2019
Gadchiroli,Varaxmi,Nov,2019
Gadchiroli,Desi,Nov,2019
Gadchiroli,Other,Nov,2019
Gadchiroli,H-4(A) 27mm FIne,Nov,2019
Gadchiroli,LRA,Nov,2019
Gadchiroli,N-44,Nov,2019
Gadchiroli,DCH-32(Unginned),Nov,2019
Nandurbar,Varaxmi,Nov,2019
Nandurbar,Desi,Nov,2019
Nandurbar,Other,Nov,2019
Nandurbar,H-4(A) 27mm FIne,Nov,2019
Nandurbar,LRA,Nov,2019
Nandurbar,N-44,Nov,2019
Nandurbar,DCH-32(Unginned),Nov,2019
Ahmednagar,Varaxmi,Nov,2019
Ahmednagar,Desi,Nov,2019
Ahmednagar,Other,Nov,2019
Ahmednagar,H-4(A) 27mm FIne,Nov,2019
Ahmednagar,LRA,Nov,2019
Ahmednagar,N-44,Nov,2019
Ahmednagar,DCH-32(Unginned),Nov,2019
Jalgaon,Varaxmi,Dec,2019
Jalgaon,Desi,Dec,2019
Jalgaon,Other,Dec,2019
Jalgaon,H-4(A) 27mm FIne,Dec,2019
Jalgaon,LRA,Dec,2019
Jalgaon,N-44,Dec,2019
Jalgaon,DCH-32(Unginned),Dec,2019
Hingoli,Varaxmi,Dec,2019
Hingoli,Desi,Dec,2019
Hingoli,Other,Dec,2019
Hingoli,H-4(A) 27mm FIne,Dec,2019
Hingoli,LRA,Dec,2019
Hingoli,N-44,Dec,2019
Hingoli,DCH-32(Unginned),Dec,2019
Vashim,Varaxmi,Dec,2019
Vashim,Desi,Dec,2019
Vashim,Other,Dec,2019
Vashim,H-4(A) 27mm FIne,Dec,2019
Vashim,LRA,Dec,2019
Vashim,N-44,Dec,2019
Vashim,DCH-32(Unginned),Dec,2019
Gadchiroli,Varaxmi,Dec,2019
Gadchiroli,Desi,Dec,2019
Gadchiroli,Other,Dec,2019
Gadchiroli,H-4(A) 27mm FIne,Dec,2019
Gadchiroli,LRA,Dec,2019
Gadchiroli,N-44,Dec,2019
Gadchiroli,DCH-32(Unginned),Dec,2019
Nandurbar,Varaxmi,Dec,2019
Nandurbar,Desi,Dec,2019
Nandurbar,Other,Dec,2019
Nandurbar,H-4(A) 27mm FIne,Dec,2019
Nandurbar,LRA,Dec,2019
Nandurbar,N-44,Dec,2019
Nandurbar,DCH-32(Unginned),Dec,2019
Ahmednagar,Varaxmi,Dec,2019
Ahmednagar,Desi,Dec,2019
Ahmednagar,Other,Dec,2019
Ahmednagar,H-4(A) 27mm FIne,Dec,2019
Ahmednagar,LRA,Dec,2019
Ahmednagar,N-44,Dec,2019
Ahmednagar,DCH-32(Unginned),Dec,2019
Jalgaon,Varaxmi,Mar,2018
Jalgaon,Desi,Mar,2018
Jalgaon,Other,Mar,2018
Jalgaon,H-4(A) 27mm FIne,Mar,2018
Jalgaon,LRA,Mar,2018
Jalgaon,N-44,Mar,2018
Jalgaon,DCH-32(Unginned),Mar,2018
Hingoli,Varaxmi,Mar,2018
Hingoli,Desi,Mar,2018
Hingoli,Other,Mar,2018
Hingoli,H-4(A) 27mm FIne,Mar,2018
Hingoli,LRA,Mar,2018
Hingoli,N-44,Mar,2018
Hingoli,DCH-32(Unginned),Mar,2018
Vashim,Varaxmi,Mar,2018
Vashim,Desi,Mar,2018
Vashim,Other,Mar,2018
Vashim,H-4(A) 27mm FIne,Mar,2018
Vashim,LRA,Mar,2018
Vashim,N-44,Mar,2018
Vashim,DCH-32(Unginned),Mar,2018
Gadchiroli,Varaxmi,Mar,2018
Gadchiroli,Desi,Mar,2018
Gadchiroli,Other,Mar,2018
Gadchiroli,H-4(A) 27mm FIne,Mar,2018
Gadchiroli,LRA,Mar,2018
Gadchiroli,N-44,Mar,2018
Gadchiroli,DCH-32(Unginned),Mar,2018
Nandurbar,Varaxmi,Mar,2018
Nandurbar,Desi,Mar,2018
Nandurbar,Other,Mar,2018
Nandurbar,H-4(A) 27mm FIne,Mar,2018
Nandurbar,LRA,Mar,2018
Nandurbar,N-44,Mar,2018
Nandurbar,DCH-32(Unginned),Mar,2018
Ahmednagar,Varaxmi,Mar,2018
Ahmednagar,Desi,Mar,2018
Ahmednagar,Other,Mar,2018
Ahmednagar,H-4(A) 27mm FIne,Mar,2018
Ahmednagar,LRA,Mar,2018
Ahmednagar,N-44,Mar,2018
Ahmednagar,DCH-32(Unginned),Mar,2018
Jalgaon,Varaxmi,Apr,2018
Jalgaon,Desi,Apr,2018
Jalgaon,Other,Apr,2018
Jalgaon,H-4(A) 27mm FIne,Apr,2018
Jalgaon,LRA,Apr,2018
Jalgaon,N-44,Apr,2018
Jalgaon,DCH-32(Unginned),Apr,2018
Hingoli,Varaxmi,Apr,2018
Hingoli,Desi,Apr,2018
Hingoli,Other,Apr,2018
Hingoli,H-4(A) 27mm FIne,Apr,2018
Hingoli,LRA,Apr,2018
Hingoli,N-44,Apr,2018
Hingoli,DCH-32(Unginned),Apr,2018
Vashim,Varaxmi,Apr,2018
Vashim,Desi,Apr,2018
Vashim,Other,Apr,2018
Vashim,H-4(A) 27mm FIne,Apr,2018
Vashim,LRA,Apr,2018
Vashim,N-44,Apr,2018
Vashim,DCH-32(Unginned),Apr,2018
Gadchiroli,Varaxmi,Apr,2018
Gadchiroli,Desi,Apr,2018
Gadchiroli,Other,Apr,2018
Gadchiroli,H-4(A) 27mm FIne,Apr,2018
Gadchiroli,LRA,Apr,2018
Gadchiroli,N-44,Apr,2018
Gadchiroli,DCH-32(Unginned),Apr,2018
Nandurbar,Varaxmi,Apr,2018
Nandurbar,Desi,Apr,2018
Nandurbar,Other,Apr,2018
Nandurbar,H-4(A) 27mm FIne,Apr,2018
Nandurbar,LRA,Apr,2018
Nandurbar,N-44,Apr,2018
Nandurbar,DCH-32(Unginned),Apr,2018
Ahmednagar,Varaxmi,Apr,2018
Ahmednagar,Desi,Apr,2018
Ahmednagar,Other,Apr,2018
Ahmednagar,H-4(A) 27mm FIne,Apr,2018
Ahmednagar,LRA,Apr,2018
Ahmednagar,N-44,Apr,2018
Ahmednagar,DCH-32(Unginned),Apr,2018
Jalgaon,Varaxmi,May,2018
Jalgaon,Desi,May,2018
Jalgaon,Other,May,2018
Jalgaon,H-4(A) 27mm FIne,May,2018
Jalgaon,LRA,May,2018
Jalgaon,N-44,May,2018
Jalgaon,DCH-32(Unginned),May,2018
Hingoli,Varaxmi,May,2018
Hingoli,Desi,May,2018
Hingoli,Other,May,2018
Hingoli,H-4(A) 27mm FIne,May,2018
Hingoli,LRA,May,2018
Hingoli,N-44,May,2018
Hingoli,DCH-32(Unginned),May,2018
Vashim,Varaxmi,May,2018
Vashim,Desi,May,2018
Vashim,Other,May,2018
Vashim,H-4(A) 27mm FIne,May,2018
Vashim,LRA,May,2018
Vashim,N-44,May,2018
Vashim,DCH-32(Unginned),May,2018
Gadchiroli,Varaxmi,May,2018
Gadchiroli,Desi,May,2018
Gadchiroli,Other,May,2018
Gadchiroli,H-4(A) 27mm FIne,May,2018
Gadchiroli,LRA,May,2018
Gadchiroli,N-44,May,2018
Gadchiroli,DCH-32(Unginned),May,2018
Nandurbar,Varaxmi,May,2018
Nandurbar,Desi,May,2018
Nandurbar,Other,May,2018
Nandurbar,H-4(A) 27mm FIne,May,2018
Nandurbar,LRA,May,2018
Nandurbar,N-44,May,2018
Nandurbar,DCH-32(Unginned),May,2018
Ahmednagar,Varaxmi,May,2018
Ahmednagar,Desi,May,2018
Ahmednagar,Other,May,2018
Ahmednagar,H-4(A) 27mm FIne,May,2018
Ahmednagar,LRA,May,2018
Ahmednagar,N-44,May,2018
Ahmednagar,DCH-32(Unginned),May,2018
Jalgaon,Varaxmi,Jun,2018
Jalgaon,Desi,Jun,2018
Jalgaon,Other,Jun,2018
Jalgaon,H-4(A) 27mm FIne,Jun,2018
Jalgaon,LRA,Jun,2018
Jalgaon,N-44,Jun,2018
Jalgaon,DCH-32(Unginned),Jun,2018
Hingoli,Varaxmi,Jun,2018
Hingoli,Desi,Jun,2018
Hingoli,Other,Jun,2018
Hingoli,H-4(A) 27mm FIne,Jun,2018
Hingoli,LRA,Jun,2018
Hingoli,N-44,Jun,2018
Hingoli,DCH-32(Unginned),Jun,2018
Vashim,Varaxmi,Jun,2018
Vashim,Desi,Jun,2018
Vashim,Other,Jun,2018
Vashim,H-4(A) 27mm FIne,Jun,2018
Vashim,LRA,Jun,2018
Vashim,N-44,Jun,2018
Vashim,DCH-32(Unginned),Jun,2018
Gadchiroli,Varaxmi,Jun,2018
Gadchiroli,Desi,Jun,2018
Gadchiroli,Other,Jun,2018
Gadchiroli,H-4(A) 27mm FIne,Jun,2018
Gadchiroli,LRA,Jun,2018
Gadchiroli,N-44,Jun,2018
Gadchiroli,DCH-32(Unginned),Jun,2018
Nandurbar,Varaxmi,Jun,2018
Nandurbar,Desi,Jun,2018
Nandurbar,Other,Jun,2018
Nandurbar,H-4(A) 27mm FIne,Jun,2018
Nandurbar,LRA,Jun,2018
Nandurbar,N-44,Jun,2018
Nandurbar,DCH-32(Unginned),Jun,2018
Ahmednagar,Varaxmi,Jun,2018
Ahmednagar,Desi,Jun,2018
Ahmednagar,Other,Jun,2018
Ahmednagar,H-4(A) 27mm FIne,Jun,2018
Ahmednagar,LRA,Jun,2018
Ahmednagar,N-44,Jun,2018
Ahmednagar,DCH-32(Unginned),Jun,2018
Jalgaon,Varaxmi,Jul,2018
Jalgaon,Desi,Jul,2018
Jalgaon,Other,Jul,2018
Jalgaon,H-4(A) 27mm FIne,Jul,2018
Jalgaon,LRA,Jul,2018
Jalgaon,N-44,Jul,2018
Jalgaon,DCH-32(Unginned),Jul,2018
Hingoli,Varaxmi,Jul,2018
Hingoli,Desi,Jul,2018
Hingoli,Other,Jul,2018
Hingoli,H-4(A) 27mm FIne,Jul,2018
Hingoli,LRA,Jul,2018
Hingoli,N-44,Jul,2018
Hingoli,DCH-32(Unginned),Jul,2018
Vashim,Varaxmi,Jul,2018
Vashim,Desi,Jul,2018
Vashim,Other,Jul,2018
Vashim,H-4(A) 27mm FIne,Jul,2018
Vashim,LRA,Jul,2018
Vashim,N-44,Jul,2018
Vashim,DCH-32(Unginned),Jul,2018
Gadchiroli,Varaxmi,Jul,2018
Gadchiroli,Desi,Jul,2018
Gadchiroli,Other,Jul,2018
Gadchiroli,H-4(A) 27mm FIne,Jul,2018
Gadchiroli,LRA,Jul,2018
Gadchiroli,N-44,Jul,2018
Gadchiroli,DCH-32(Unginned),Jul,2018
Nandurbar,Varaxmi,Jul,2018
Nandurbar,Desi,Jul,2018
Nandurbar,Other,Jul,2018
Nandurbar,H-4(A) 27mm FIne,Jul,2018
Nandurbar,LRA,Jul,2018
Nandurbar,N-44,Jul,2018
Nandurbar,DCH-32(Unginned),Jul,2018
Ahmednagar,Varaxmi,Jul,2018
Ahmednagar,Desi,Jul,2018
Ahmednagar,Other,Jul,2018
Ahmednagar,H-4(A) 27mm FIne,Jul,2018
Ahmednagar,LRA,Jul,2018
Ahmednagar,N-44,Jul,2018
Ahmednagar,DCH-32(Unginned),Jul,2018
Jalgaon,Varaxmi,Aug,2018
Jalgaon,Desi,Aug,2018
Jalgaon,Other,Aug,2018
Jalgaon,H-4(A) 27mm FIne,Aug,2018
Jalgaon,LRA,Aug,2018
Jalgaon,N-44,Aug,2018
Jalgaon,DCH-32(Unginned),Aug,2018
Hingoli,Varaxmi,Aug,2018
Hingoli,Desi,Aug,2018
Hingoli,Other,Aug,2018
Hingoli,H-4(A) 27mm FIne,Aug,2018
Hingoli,LRA,Aug,2018
Hingoli,N-44,Aug,2018
Hingoli,DCH-32(Unginned),Aug,2018
Vashim,Varaxmi,Aug,2018
Vashim,Desi,Aug,2018
Vashim,Other,Aug,2018
Vashim,H-4(A) 27mm FIne,Aug,2018
Vashim,LRA,Aug,2018
Vashim,N-44,Aug,2018
Vashim,DCH-32(Unginned),Aug,2018
Gadchiroli,Varaxmi,Aug,2018
Gadchiroli,Desi,Aug,2018
Gadchiroli,Other,Aug,2018
Gadchiroli,H-4(A) 27mm FIne,Aug,2018
Gadchiroli,LRA,Aug,2018
Gadchiroli,N-44,Aug,2018
Gadchiroli,DCH-32(Unginned),Aug,2018
Nandurbar,Varaxmi,Aug,2018
Nandurbar,Desi,Aug,2018
Nandurbar,Other,Aug,2018
Nandurbar,H-4(A) 27mm FIne,Aug,2018
Nandurbar,LRA,Aug,2018
Nandurbar,N-44,Aug,2018
Nandurbar,DCH-32(Unginned),Aug,2018
Ahmednagar,Varaxmi,Aug,2018
Ahmednagar,Desi,Aug,2018
Ahmednagar,Other,Aug,2018
Ahmednagar,H-4(A) 27mm FIne,Aug,2018
Ahmednagar,LRA,Aug,2018
Ahmednagar,N-44,Aug,2018
Ahmednagar,DCH-32(Unginned),Aug,2018
Jalgaon,Varaxmi,Sep,2018
Jalgaon,Desi,Sep,2018
Jalgaon,Other,Sep,2018
Jalgaon,H-4(A) 27mm FIne,Sep,2018
Jalgaon,LRA,Sep,2018
Jalgaon,N-44,Sep,2018
Jalgaon,DCH-32(Unginned),Sep,2018
Hingoli,Varaxmi,Sep,2018
Hingoli,Desi,Sep,2018
Hingoli,Other,Sep,2018
Hingoli,H-4(A) 27mm FIne,Sep,2018
Hingoli,LRA,Sep,2018
Hingoli,N-44,Sep,2018
Hingoli,DCH-32(Unginned),Sep,2018
Vashim,Varaxmi,Sep,2018
Vashim,Desi,Sep,2018
Vashim,Other,Sep,2018
Vashim,H-4(A) 27mm FIne,Sep,2018
Vashim,LRA,Sep,2018
Vashim,N-44,Sep,2018
Vashim,DCH-32(Unginned),Sep,2018
Gadchiroli,Varaxmi,Sep,2018
Gadchiroli,Desi,Sep,2018
Gadchiroli,Other,Sep,2018
Gadchiroli,H-4(A) 27mm FIne,Sep,2018
Gadchiroli,LRA,Sep,2018
Gadchiroli,N-44,Sep,2018
Gadchiroli,DCH-32(Unginned),Sep,2018
Nandurbar,Varaxmi,Sep,2018
Nandurbar,Desi,Sep,2018
Nandurbar,Other,Sep,2018
Nandurbar,H-4(A) 27mm FIne,Sep,2018
Nandurbar,LRA,Sep,2018
Nandurbar,N-44,Sep,2018
Nandurbar,DCH-32(Unginned),Sep,2018
Ahmednagar,Varaxmi,Sep,2018
Ahmednagar,Desi,Sep,2018
Ahmednagar,Other,Sep,2018
Ahmednagar,H-4(A) 27mm FIne,Sep,2018
Ahmednagar,LRA,Sep,2018
Ahmednagar,N-44,Sep,2018
Ahmednagar,DCH-32(Unginned),Sep,2018
Jalgaon,Varaxmi,Oct,2018
Jalgaon,Desi,Oct,2018
Jalgaon,Other,Oct,2018
Jalgaon,H-4(A) 27mm FIne,Oct,2018
Jalgaon,LRA,Oct,2018
Jalgaon,N-44,Oct,2018
Jalgaon,DCH-32(Unginned),Oct,2018
Hingoli,Varaxmi,Oct,2018
Hingoli,Desi,Oct,2018
Hingoli,Other,Oct,2018
Hingoli,H-4(A) 27mm FIne,Oct,2018
Hingoli,LRA,Oct,2018
Hingoli,N-44,Oct,2018
Hingoli,DCH-32(Unginned),Oct,2018
Vashim,Varaxmi,Oct,2018
Vashim,Desi,Oct,2018
Vashim,Other,Oct,2018
Vashim,H-4(A) 27mm FIne,Oct,2018
Vashim,LRA,Oct,2018
Vashim,N-44,Oct,2018
Vashim,DCH-32(Unginned),Oct,2018
Gadchiroli,Varaxmi,Oct,2018
Gadchiroli,Desi,Oct,2018
Gadchiroli,Other,Oct,2018
Gadchiroli,H-4(A) 27mm FIne,Oct,2018
Gadchiroli,LRA,Oct,2018
Gadchiroli,N-44,Oct,2018
Gadchiroli,DCH-32(Unginned),Oct,2018
Nandurbar,Varaxmi,Oct,2018
Nandurbar,Desi,Oct,2018
Nandurbar,Other,Oct,2018
Nandurbar,H-4(A) 27mm FIne,Oct,2018
Nandurbar,LRA,Oct,2018
Nandurbar,N-44,Oct,2018
Nandurbar,DCH-32(Unginned),Oct,2018
Ahmednagar,Varaxmi,Oct,2018
Ahmednagar,Desi,Oct,2018
Ahmednagar,Other,Oct,2018
Ahmednagar,H-4(A) 27mm FIne,Oct,2018
Ahmednagar,LRA,Oct,2018
Ahmednagar,N-44,Oct,2018
Ahmednagar,DCH-32(Unginned),Oct,2018
Jalgaon,Varaxmi,Nov,2018
Jalgaon,Desi,Nov,2018
Jalgaon,Other,Nov,2018
Jalgaon,H-4(A) 27mm FIne,Nov,2018
Jalgaon,LRA,Nov,2018
Jalgaon,N-44,Nov,2018
Jalgaon,DCH-32(Unginned),Nov,2018
Hingoli,Varaxmi,Nov,2018
Hingoli,Desi,Nov,2018
Hingoli,Other,Nov,2018
Hingoli,H-4(A) 27mm FIne,Nov,2018
Hingoli,LRA,Nov,2018
Hingoli,N-44,Nov,2018
Hingoli,DCH-32(Unginned),Nov,2018
Vashim,Varaxmi,Nov,2018
Vashim,Desi,Nov,2018
Vashim,Other,Nov,2018
Vashim,H-4(A) 27mm FIne,Nov,2018
Vashim,LRA,Nov,2018
Vashim,N-44,Nov,2018
Vashim,DCH-32(Unginned),Nov,2018
Gadchiroli,Varaxmi,Nov,2018
Gadchiroli,Desi,Nov,2018
Gadchiroli,Other,Nov,2018
Gadchiroli,H-4(A) 27mm FIne,Nov,2018
Gadchiroli,LRA,Nov,2018
Gadchiroli,N-44,Nov,2018
Gadchiroli,DCH-32(Unginned),Nov,2018
Nandurbar,Varaxmi,Nov,2018
Nandurbar,Desi,Nov,2018
Nandurbar,Other,Nov,2018
Nandurbar,H-4(A) 27mm FIne,Nov,2018
Nandurbar,LRA,Nov,2018
Nandurbar,N-44,Nov,2018
Nandurbar,DCH-32(Unginned),Nov,2018
Ahmednagar,Varaxmi,Nov,2018
Ahmednagar,Desi,Nov,2018
Ahmednagar,Other,Nov,2018
Ahmednagar,H-4(A) 27mm FIne,Nov,2018
Ahmednagar,LRA,Nov,2018
Ahmednagar,N-44,Nov,2018
Ahmednagar,DCH-32(Unginned),Nov,2018
Jalgaon,Varaxmi,Dec,2018
Jalgaon,Desi,Dec,2018
Jalgaon,Other,Dec,2018
Jalgaon,H-4(A) 27mm FIne,Dec,2018
Jalgaon,LRA,Dec,2018
Jalgaon,N-44,Dec,2018
Jalgaon,DCH-32(Unginned),Dec,2018
Hingoli,Varaxmi,Dec,2018
Hingoli,Desi,Dec,2018
Hingoli,Other,Dec,2018
Hingoli,H-4(A) 27mm FIne,Dec,2018
Hingoli,LRA,Dec,2018
Hingoli,N-44,Dec,2018
Hingoli,DCH-32(Unginned),Dec,2018
Vashim,Varaxmi,Dec,2018
Vashim,Desi,Dec,2018
Vashim,Other,Dec,2018
Vashim,H-4(A) 27mm FIne,Dec,2018
Vashim,LRA,Dec,2018
Vashim,N-44,Dec,2018
Vashim,DCH-32(Unginned),Dec,2018
Gadchiroli,Varaxmi,Dec,2018
Gadchiroli,Desi,Dec,2018
Gadchiroli,Other,Dec,2018
Gadchiroli,H-4(A) 27mm FIne,Dec,2018
Gadchiroli,LRA,Dec,2018
Gadchiroli,N-44,Dec,2018
Gadchiroli,DCH-32(Unginned),Dec,2018
Nandurbar,Varaxmi,Dec,2018
Nandurbar,Desi,Dec,2018
Nandurbar,Other,Dec,2018
Nandurbar,H-4(A) 27mm FIne,Dec,2018
Nandurbar,LRA,Dec,2018
Nandurbar,N-44,Dec,2018
Nandurbar,DCH-32(Unginned),Dec,2018
Ahmednagar,Varaxmi,Dec,2018
Ahmednagar,Desi,Dec,2018
Ahmednagar,Other,Dec,2018
Ahmednagar,H-4(A) 27mm FIne,Dec,2018
Ahmednagar,LRA,Dec,2018
Ahmednagar,N-44,Dec,2018
Ahmednagar,DCH-32(Unginned),Dec,2018
Pune,Varaxmi,Jan,2019
Pune,Desi,Jan,2019
Pune,Other,Jan,2019
Pune,H-4(A) 27mm FIne,Jan,2019
Pune,LRA,Jan,2019
Pune,N-44,Jan,2019
Pune,DCH-32(Unginned),Jan,2019
Dhule,Varaxmi,Jan,2019
Dhule,Desi,Jan,2019
Dhule,Other,Jan,2019
Dhule,H-4(A) 27mm FIne,Jan,2019
Dhule,LRA,Jan,2019
Dhule,N-44,Jan,2019
Dhule,DCH-32(Unginned),Jan,2019
Pune,Varaxmi,Feb,2019
Pune,Desi,Feb,2019
Pune,Other,Feb,2019
Pune,H-4(A) 27mm FIne,Feb,2019
Pune,LRA,Feb,2019
Pune,N-44,Feb,2019
Pune,DCH-32(Unginned),Feb,2019
Dhule,Varaxmi,Feb,2019
Dhule,Desi,Feb,2019
Dhule,Other,Feb,2019
Dhule,H-4(A) 27mm FIne,Feb,2019
Dhule,LRA,Feb,2019
Dhule,N-44,Feb,2019
Dhule,DCH-32(Unginned),Feb,2019
Pune,Varaxmi,Mar,2019
Pune,Desi,Mar,2019
Pune,Other,Mar,2019
Pune,H-4(A) 27mm FIne,Mar,2019
Pune,LRA,Mar,2019
Pune,N-44,Mar,2019
Pune,DCH-32(Unginned),Mar,2019
Dhule,Varaxmi,Mar,2019
Dhule,Desi,Mar,2019
Dhule,Other,Mar,2019
Dhule,H-4(A) 27mm FIne,Mar,2019
Dhule,LRA,Mar,2019
Dhule,N-44,Mar,2019
Dhule,DCH-32(Unginned),Mar,2019
Pune,Varaxmi,Apr,2019
Pune,Desi,Apr,2019
Pune,Other,Apr,2019
Pune,H-4(A) 27mm FIne,Apr,2019
Pune,LRA,Apr,2019
Pune,N-44,Apr,2019
Pune,DCH-32(Unginned),Apr,2019
Dhule,Varaxmi,Apr,2019
Dhule,Desi,Apr,2019
Dhule,Other,Apr,2019
Dhule,H-4(A) 27mm FIne,Apr,2019
Dhule,LRA,Apr,2019
Dhule,N-44,Apr,2019
Dhule,DCH-32(Unginned),Apr,2019
Pune,Varaxmi,May,2019
Pune,Desi,May,2019
Pune,Other,May,2019
Pune,H-4(A) 27mm FIne,May,2019
Pune,LRA,May,2019
Pune,N-44,May,2019
Pune,DCH-32(Unginned),May,2019
Dhule,Varaxmi,May,2019
Dhule,Desi,May,2019
Dhule,Other,May,2019
Dhule,H-4(A) 27mm FIne,May,2019
Dhule,LRA,May,2019
Dhule,N-44,May,2019
Dhule,DCH-32(Unginned),May,2019
Pune,Varaxmi,June,2019
Pune,Desi,Jun,2019
Pune,Other,Jun,2019
Pune,H-4(A) 27mm FIne,Jun,2019
Pune,LRA,Jun,2019
Pune,N-44,Jun,2019
Pune,DCH-32(Unginned),Jun,2019
Dhule,Varaxmi,Jun,2019
Dhule,Desi,Jun,2019
Dhule,Other,Jun,2019
Dhule,H-4(A) 27mm FIne,Jun,2019
Dhule,LRA,Jun,2019
Dhule,N-44,Jun,2019
Dhule,DCH-32(Unginned),Jun,2019
Pune,Varaxmi,Jul,2019
Pune,Desi,Jul,2019
Pune,Other,Jul,2019
Pune,H-4(A) 27mm FIne,Jul,2019
Pune,LRA,Jul,2019
Pune,N-44,Jul,2019
Pune,DCH-32(Unginned),Jul,2019
Dhule,Varaxmi,Jul,2019
Dhule,Desi,Jul,2019
Dhule,Other,Jul,2019
Dhule,H-4(A) 27mm FIne,Jul,2019
Dhule,LRA,Jul,2019
Dhule,N-44,Jul,2019
Dhule,DCH-32(Unginned),Jul,2019
Pune,Varaxmi,Aug,2019
Pune,Desi,Aug,2019
Pune,Other,Aug,2019
Pune,H-4(A) 27mm FIne,Aug,2019
Pune,LRA,Aug,2019
Pune,N-44,Aug,2019
Pune,DCH-32(Unginned),Aug,2019
Dhule,Varaxmi,Aug,2019
Dhule,Desi,Aug,2019
Dhule,Other,Aug,2019
Dhule,H-4(A) 27mm FIne,Aug,2019
Dhule,LRA,Aug,2019
Dhule,N-44,Aug,2019
Dhule,DCH-32(Unginned),Aug,2019
Pune,Varaxmi,Sep,2019
Pune,Desi,Sep,2019
Pune,Other,Sep,2019
Pune,H-4(A) 27mm FIne,Sep,2019
Pune,LRA,Sep,2019
Pune,N-44,Sep,2019
Pune,DCH-32(Unginned),Sep,2019
Dhule,Varaxmi,Sep,2019
Dhule,Desi,Sep,2019
Dhule,Other,Sep,2019
Dhule,H-4(A) 27mm FIne,Sep,2019
Dhule,LRA,Sep,2019
Dhule,N-44,Sep,2019
Dhule,DCH-32(Unginned),Sep,2019
Pune,Varaxmi,Oct,2019
Pune,Desi,Oct,2019
Pune,Other,Oct,2019
Pune,H-4(A) 27mm FIne,Oct,2019
Pune,LRA,Oct,2019
Pune,N-44,Oct,2019
Pune,DCH-32(Unginned),Oct,2019
Dhule,Varaxmi,Oct,2019
Dhule,Desi,Oct,2019
Dhule,Other,Oct,2019
Dhule,H-4(A) 27mm FIne,Oct,2019
Dhule,LRA,Oct,2019
Dhule,N-44,Oct,2019
Dhule,DCH-32(Unginned),Oct,2019
Pune,Varaxmi,Nov,2019
Pune,Desi,Nov,2019
Pune,Other,Nov,2019
Pune,H-4(A) 27mm FIne,Nov,2019
Pune,LRA,Nov,2019
Pune,N-44,Nov,2019
Pune,DCH-32(Unginned),Nov,2019
Dhule,Varaxmi,Nov,2019
Dhule,Desi,Nov,2019
Dhule,Other,Nov,2019
Dhule,H-4(A) 27mm FIne,Nov,2019
Dhule,LRA,Nov,2019
Dhule,N-44,Nov,2019
Dhule,DCH-32(Unginned),Nov,2019
Pune,Varaxmi,Dec,2019
Pune,Desi,Dec,2019
Pune,Other,Dec,2019
Pune,H-4(A) 27mm FIne,Dec,2019
Pune,LRA,Dec,2019
Pune,N-44,Dec,2019
Pune,DCH-32(Unginned),Dec,2019
Dhule,Varaxmi,Dec,2019
Dhule,Desi,Dec,2019
Dhule,Other,Dec,2019
Dhule,H-4(A) 27mm FIne,Dec,2019
Dhule,LRA,Dec,2019
Dhule,N-44,Dec,2019
Dhule,DCH-32(Unginned),Dec,2019
Pune,Varaxmi,Mar,2018
Pune,Desi,Mar,2018
Pune,Other,Mar,2018
Pune,H-4(A) 27mm FIne,Mar,2018
Pune,LRA,Mar,2018
Pune,N-44,Mar,2018
Pune,DCH-32(Unginned),Mar,2018
Dhule,Varaxmi,Mar,2018
Dhule,Desi,Mar,2018
Dhule,Other,Mar,2018
Dhule,H-4(A) 27mm FIne,Mar,2018
Dhule,LRA,Mar,2018
Dhule,N-44,Mar,2018
Dhule,DCH-32(Unginned),Mar,2018
Pune,Varaxmi,Apr,2018
Pune,Desi,Apr,2018
Pune,Other,Apr,2018
Pune,H-4(A) 27mm FIne,Apr,2018
Pune,LRA,Apr,2018
Pune,N-44,Apr,2018
Pune,DCH-32(Unginned),Apr,2018
Dhule,Varaxmi,Apr,2018
Dhule,Desi,Apr,2018
Dhule,Other,Apr,2018
Dhule,H-4(A) 27mm FIne,Apr,2018
Dhule,LRA,Apr,2018
Dhule,N-44,Apr,2018
Dhule,DCH-32(Unginned),Apr,2018
Pune,Varaxmi,May,2018
Pune,Desi,May,2018
Pune,Other,May,2018
Pune,H-4(A) 27mm FIne,May,2018
Pune,LRA,May,2018
Pune,N-44,May,2018
Pune,DCH-32(Unginned),May,2018
Dhule,Varaxmi,May,2018
Dhule,Desi,May,2018
Dhule,Other,May,2018
Dhule,H-4(A) 27mm FIne,May,2018
Dhule,LRA,May,2018
Dhule,N-44,May,2018
Dhule,DCH-32(Unginned),May,2018
Pune,Varaxmi,Jun,2018
Pune,Desi,Jun,2018
Pune,Other,Jun,2018
Pune,H-4(A) 27mm FIne,Jun,2018
Pune,LRA,Jun,2018
Pune,N-44,Jun,2018
Pune,DCH-32(Unginned),Jun,2018
Dhule,Varaxmi,Jun,2018
Dhule,Desi,Jun,2018
Dhule,Other,Jun,2018
Dhule,H-4(A) 27mm FIne,Jun,2018
Dhule,LRA,Jun,2018
Dhule,N-44,Jun,2018
Dhule,DCH-32(Unginned),Jun,2018
Pune,Varaxmi,Jul,2018
Pune,Desi,Jul,2018
Pune,Other,Jul,2018
Pune,H-4(A) 27mm FIne,Jul,2018
Pune,LRA,Jul,2018
Pune,N-44,Jul,2018
Pune,DCH-32(Unginned),Jul,2018
Dhule,Varaxmi,Jul,2018
Dhule,Desi,Jul,2018
Dhule,Other,Jul,2018
Dhule,H-4(A) 27mm FIne,Jul,2018
Dhule,LRA,Jul,2018
Dhule,N-44,Jul,2018
Dhule,DCH-32(Unginned),Jul,2018
Pune,Varaxmi,Aug,2018
Pune,Desi,Aug,2018
Pune,Other,Aug,2018
Pune,H-4(A) 27mm FIne,Aug,2018
Pune,LRA,Aug,2018
Pune,N-44,Aug,2018
Pune,DCH-32(Unginned),Aug,2018
Dhule,Varaxmi,Aug,2018
Dhule,Desi,Aug,2018
Dhule,Other,Aug,2018
Dhule,H-4(A) 27mm FIne,Aug,2018
Dhule,LRA,Aug,2018
Dhule,N-44,Aug,2018
Dhule,DCH-32(Unginned),Aug,2018
Pune,Varaxmi,Sep,2018
Pune,Desi,Sep,2018
Pune,Other,Sep,2018
Pune,H-4(A) 27mm FIne,Sep,2018
Pune,LRA,Sep,2018
Pune,N-44,Sep,2018
Pune,DCH-32(Unginned),Sep,2018
Dhule,Varaxmi,Sep,2018
Dhule,Desi,Sep,2018
Dhule,Other,Sep,2018
Dhule,H-4(A) 27mm FIne,Sep,2018
Dhule,LRA,Sep,2018
Dhule,N-44,Sep,2018
Dhule,DCH-32(Unginned),Sep,2018
Pune,Varaxmi,Oct,2018
Pune,Desi,Oct,2018
Pune,Other,Oct,2018
Pune,H-4(A) 27mm FIne,Oct,2018
Pune,LRA,Oct,2018
Pune,N-44,Oct,2018
Pune,DCH-32(Unginned),Oct,2018
Dhule,Varaxmi,Oct,2018
Dhule,Desi,Oct,2018
Dhule,Other,Oct,2018
Dhule,H-4(A) 27mm FIne,Oct,2018
Dhule,LRA,Oct,2018
Dhule,N-44,Oct,2018
Dhule,DCH-32(Unginned),Oct,2018
Pune,Varaxmi,Nov,2018
Pune,Desi,Nov,2018
Pune,Other,Nov,2018
Pune,H-4(A) 27mm FIne,Nov,2018
Pune,LRA,Nov,2018
Pune,N-44,Nov,2018
Pune,DCH-32(Unginned),Nov,2018
Dhule,Varaxmi,Nov,2018
Dhule,Desi,Nov,2018
Dhule,Other,Nov,2018
Dhule,H-4(A) 27mm FIne,Nov,2018
Dhule,LRA,Nov,2018
Dhule,N-44,Nov,2018
Dhule,DCH-32(Unginned),Nov,2018
Pune,Varaxmi,Dec,2018
Pune,Desi,Dec,2018
Pune,Other,Dec,2018
Pune,H-4(A) 27mm FIne,Dec,2018
Pune,LRA,Dec,2018
Pune,N-44,Dec,2018
Pune,DCH-32(Unginned),Dec,2018
Dhule,Varaxmi,Dec,2018
Dhule,Desi,Dec,2018
Dhule,Other,Dec,2018
Dhule,H-4(A) 27mm FIne,Dec,2018
Dhule,LRA,Dec,2018
Dhule,N-44,Dec,2018
Dhule,DCH-32(Unginned),Dec,2018
